Datum;ID_Omg;Vecka;M1-1;M1-X;M1-2;M2-1;M2-X;M2-2;M3-1;M3-X;M3-2;M4-1;M4-X;M4-2;M5-1;M5-X;M5-2;M6-1;M6-X;M6-2;M7-1;M7-X;M7-2;M8-1;M8-X;M8-2;M9-1;M9-X;M9-2;M10-1;M10-X;M10-2;M11-1;M11-X;M11-2;M12-1;M12-X;M12-2;M13-1;M13-X;M13-2;M1;M2;M3;M4;M5;M6;M7;M8;M9;M10;M11;M12;M13;13 rätt;12 rätt;11 rätt;10 rätt;Vinnare 13;Vinnare 12;Vinnare 11;Vinnare 10;Omsättning;JackPott_Milj;Correct_Row;True_Rank
2021-12-26;4721;51;49.0;26.0;25.0;14.000000000000002;23.0;63.0;78.0;14.000000000000002;7.9999999999999964;16.0;23.0;61.0;55.00000000000001;25.0;19.999999999999996;56.00000000000001;23.0;20.999999999999996;35.0;30.000000000000004;35.0;46.0;27.999999999999996;26.0;34.0;27.999999999999996;38.0;53.0;26.0;20.999999999999996;45.0;27.999999999999996;27.0;41.0;27.000000000000007;31.999999999999996;32.0;27.999999999999996;40.0;1;2;1;2;1;2;X;1;1;2;1;2;1;76023;437;34;0;342;8506;87204;503522;38168348;26.0;121212X112121;14092
2022-01-01;4722;52;30.0;26.999999999999996;43.00000000000001;64.0;20.999999999999996;15.000000000000002;20.0;24.0;56.00000000000001;44.0;25.999999999999996;30.000000000000004;32.0;26.999999999999996;41.0;36.0;28.000000000000004;36.0;42.0;27.999999999999996;30.000000000000004;44.0;26.999999999999996;29.000000000000004;52.0;26.0;21.999999999999996;32.0;27.999999999999996;40.0;25.0;28.000000000000004;47.0;13.0;21.999999999999996;65.0;42.0;28.999999999999996;29.000000000000004;2;1;2;1;X;1;2;1;2;1;X;1;X;1777777;7162;360;84;9;361;5745;51281;26521247;16.0;2121X12121X1X;344288
2022-01-08;4723;1;30.0;26.999999999999996;43.00000000000001;59.0;23.0;18.000000000000004;33.0;26.999999999999996;40.0;33.0;27.999999999999996;39.0;32.0;27.999999999999996;40.0;54.0;24.0;21.999999999999996;54.0;25.0;20.999999999999996;19.0;24.0;57.00000000000001;22.0;24.999999999999996;53.0;70.0;19.000000000000007;10.999999999999998;70.0;19.000000000000007;10.999999999999998;69.0;19.000000000000007;12.0;12.0;19.0;69.0;X;1;1;X;X;X;X;1;1;X;2;1;2;0;66930;1678;290;0;31;989;11892;21280437;;X11XXXX11X212;781267
2022-01-15;4724;2;31.0;26.999999999999996;42.00000000000001;33.0;27.999999999999996;39.0;42.0;30.0;28.000000000000004;48.0;25.0;27.0;25.0;28.000000000000004;47.0;35.0;30.000000000000004;35.0;28.000000000000004;28.999999999999993;43.00000000000001;64.0;20.999999999999996;15.000000000000002;42.0;27.999999999999996;30.000000000000004;77.0;14.000000000000002;8.999999999999996;28.999999999999996;27.999999999999996;43.00000000000001;47.0;27.0;26.0;28.999999999999996;26.000000000000007;44.99999999999999;X;1;1;X;1;X;1;1;2;1;2;X;1;1104499;7405;419;107;12;391;5517;44696;29696460;12.0;X11X1X11212X1;263993
2022-01-22;4725;3;9.0;15.0;76.0;51.0;25.0;24.0;48.0;26.0;26.0;31.0;31.0;38.0;40.0;28.999999999999993;31.000000000000007;61.0;23.0;16.000000000000004;54.0;26.0;19.999999999999996;40.0;28.000000000000004;31.999999999999996;33.0;27.999999999999996;39.0;52.0;26.0;21.999999999999996;24.0;26.0;50.0;45.0;26.999999999999996;28.000000000000004;71.0;19.000000000000007;9.999999999999998;X;1;2;2;1;2;1;2;2;1;2;1;1;59522;750;50;15;114;3392;40690;265933;26098362;;X122121221211;78315
2022-01-29;4726;4;19.0;25.0;56.00000000000001;39.0;28.000000000000004;32.99999999999999;40.0;28.000000000000004;31.999999999999996;25.0;29.000000000000004;46.0;46.0;26.999999999999996;27.0;50.0;27.0;23.0;25.0;27.0;48.0;64.0;20.999999999999996;15.000000000000002;75.0;16.000000000000004;8.999999999999996;26.0;26.0;48.0;45.0;26.999999999999996;28.000000000000004;44.0;26.999999999999996;29.000000000000004;44.0;26.999999999999996;29.000000000000004;2;1;X;1;1;X;2;1;X;1;2;1;2;556423;6831;393;96;11;336;4668;39538;23540979;;21X11X21X1212;317669
2022-02-06;4727;5;42.0;30.0;28.000000000000004;46.0;25.999999999999996;28.000000000000004;52.0;26.0;21.999999999999996;63.0;21.999999999999996;15.000000000000002;56.00000000000001;25.0;18.999999999999993;59.0;24.0;17.000000000000004;56.99999999999999;25.0;18.000000000000004;28.000000000000004;27.0;44.99999999999999;28.000000000000004;26.0;46.0;42.0;27.999999999999996;30.000000000000004;37.0;28.000000000000004;35.0;38.0;30.000000000000004;31.999999999999996;33.0;27.999999999999996;39.0;X;1;1;X;1;2;1;1;2;1;2;1;2;116372;1703;109;30;52;1332;16546;123452;23274431;;X11X121121212;80259
2022-02-12;4728;6;6.0;16.0;78.0;44.0;27.999999999999996;28.000000000000004;36.0;30.000000000000004;34.0;26.0;30.000000000000004;43.99999999999999;26.0;27.0;47.0;33.0;30.0;37.0;27.0;27.0;46.0;40.0;28.999999999999993;31.000000000000007;21.0;25.0;54.0;55.00000000000001;25.0;19.999999999999996;46.0;26.999999999999996;27.0;33.0;30.0;37.0;30.0;28.999999999999996;41.0;2;1;X;2;1;1;2;X;2;1;1;2;2;17291;198;17;0;694;15001;138525;704997;30478188;12.0;21X2112X21122;1771
2022-02-19;4729;7;76.0;16.000000000000004;7.9999999999999964;67.0;20.999999999999996;12.0;17.0;24.999999999999996;58.00000000000001;60.0;23.0;17.000000000000004;47.0;26.0;27.0;55.00000000000001;26.0;18.999999999999993;26.0;27.0;47.0;33.0;30.0;37.0;45.0;28.999999999999996;26.0;49.0;27.0;24.0;51.0;26.0;23.0;57.99999999999999;24.0;18.000000000000004;52.0;26.0;21.999999999999996;2;1;2;2;1;2;1;1;X;1;X;1;X;6284544;22849;1046;196;2;125;2183;24167;29293781;12.0;21221211X1X1X;486564
2022-02-26;4730;8;10.0;17.0;73.0;71.0;18.000000000000004;10.999999999999998;39.0;29.000000000000004;31.999999999999996;41.0;28.999999999999996;30.000000000000004;51.0;26.0;23.0;35.0;29.000000000000004;36.0;46.0;26.999999999999996;27.0;31.0;27.999999999999996;41.0;51.0;26.0;23.0;59.0;24.0;17.000000000000004;53.0;25.0;21.999999999999996;53.0;26.0;20.999999999999996;36.0;30.000000000000004;34.0;2;X;2;2;X;2;X;1;1;1;1;1;2;168539;1266;85;26;89;2516;29863;200255;32693613;15.0;2X22X2X111112;83997
2022-03-05;4731;9;76.0;15.000000000000002;8.999999999999996;43.0;26.999999999999996;30.000000000000004;13.0;24.0;63.0;37.0;31.000000000000007;31.999999999999996;31.0;30.0;39.0;41.0;32.0;27.0;56.00000000000001;25.99999999999999;18.000000000000004;30.0;28.999999999999996;41.0;35.0;32.00000000000001;32.99999999999999;45.0;27.999999999999996;27.0;22.0;27.0;51.0;32.0;30.0;38.0;48.0;29.000000000000004;23.0;1;1;2;1;2;2;1;1;1;2;2;2;2;60188;977;71;23;123;2839;30877;200066;28473780;;1121221112222;16419
2022-03-12;4732;10;47.0;26.0;27.0;43.0;26.999999999999996;30.000000000000004;43.0;26.999999999999996;30.000000000000004;41.0;27.000000000000007;31.999999999999996;42.0;27.999999999999996;30.000000000000004;39.0;29.000000000000004;31.999999999999996;34.0;28.999999999999996;37.0;56.00000000000001;25.0;18.999999999999993;57.99999999999999;24.0;18.000000000000004;56.00000000000001;24.0;19.999999999999996;28.000000000000004;28.000000000000004;43.99999999999999;35.0;29.000000000000004;36.0;44.0;26.999999999999996;29.000000000000004;1;1;X;1;X;1;X;2;1;1;X;X;X;387908;4829;305;83;17;512;6472;49067;25363280;;11X1X1X211XXX;244433
2022-03-19;4733;11;13.0;21.000000000000004;65.99999999999999;30.0;27.999999999999996;42.00000000000001;34.0;26.999999999999996;39.0;32.0;27.999999999999996;40.0;34.0;27.999999999999996;38.0;42.0;28.999999999999996;29.000000000000004;49.0;27.0;24.0;45.0;26.999999999999996;28.000000000000004;31.0;27.999999999999996;41.0;31.0;25.000000000000007;43.99999999999999;45.0;27.999999999999996;27.0;42.0;27.999999999999996;30.000000000000004;45.0;24.999999999999993;30.000000000000004;2;X;2;2;1;1;X;X;X;2;X;1;1;351590;3201;188;49;17;700;9533;75981;22988610;;2X2211XXX2X11;94844
2022-03-26;4734;12;52.0;28.000000000000004;19.999999999999996;51.0;27.0;21.999999999999996;41.0;31.0;28.000000000000004;14.000000000000002;25.0;61.0;81.0;13.99999999999999;5.000000000000004;84.0;12.0;4.0000000000000036;52.0;25.0;23.0;55.00000000000001;25.0;19.999999999999996;42.0;26.999999999999996;31.000000000000007;25.0;27.0;48.0;57.99999999999999;24.0;18.000000000000004;45.0;27.999999999999996;27.0;47.0;28.000000000000004;25.0;1;1;X;X;1;1;1;2;2;2;1;1;1;6280;88;0;0;792;20999;182030;816718;19130382;;11XX111222111;3288
2022-04-02;4735;13;63.0;20.999999999999996;16.000000000000004;72.0;19.000000000000007;8.999999999999996;7.000000000000001;13.999999999999998;79.0;39.0;27.0;34.0;33.0;31.0;36.0;65.0;23.0;12.0;33.0;28.999999999999996;38.0;44.0;28.999999999999996;27.0;20.0;24.0;56.00000000000001;43.0;27.999999999999996;29.000000000000004;41.0;30.0;29.000000000000004;43.0;30.0;27.0;33.0;26.999999999999996;40.0;X;2;2;X;1;X;1;X;2;X;2;X;1;7000000;34930;1654;356;2;88;1486;14357;31526799;14.0;X22X1X1X2X2X1;806669
2022-04-09;4736;14;28.999999999999996;27.000000000000007;43.99999999999999;61.0;24.0;15.000000000000002;21.0;26.0;53.0;35.0;28.000000000000004;37.0;60.0;25.0;15.000000000000002;40.0;28.000000000000004;31.999999999999996;49.0;26.0;25.0;36.0;29.000000000000004;35.0;55.00000000000001;25.0;19.999999999999996;63.0;23.0;14.000000000000002;56.99999999999999;24.00000000000001;18.999999999999993;47.0;26.0;27.0;27.0;25.0;48.0;2;2;2;2;X;2;2;1;X;1;1;1;2;143380;1464;87;25;46;1689;22585;164112;25367308;;2222X221X1112;117648
2022-04-16;4737;15;42.0;26.999999999999996;31.000000000000007;81.0;12.99999999999999;6.000000000000005;23.0;26.0;51.0;33.0;30.0;37.0;30.0;31.0;39.0;36.0;31.000000000000007;32.99999999999999;45.0;28.999999999999996;26.0;59.0;24.0;17.000000000000004;71.0;19.000000000000007;9.999999999999998;70.0;19.000000000000007;10.999999999999998;43.0;27.999999999999996;29.000000000000004;47.0;28.000000000000004;25.0;47.0;25.0;28.000000000000004;2;1;1;2;2;1;2;X;X;1;1;2;2;407407;2907;200;60;27;872;10109;69614;25999547;11.0;2112212XX1122;334832
2022-04-23;4738;16;24.0;26.0;50.0;87.0;8.999999999999996;4.0000000000000036;34.0;27.999999999999996;38.0;27.0;29.000000000000004;43.99999999999999;39.0;28.000000000000004;32.99999999999999;46.0;26.999999999999996;27.0;28.999999999999996;27.000000000000007;43.99999999999999;30.0;28.999999999999996;41.0;39.0;28.000000000000004;32.99999999999999;17.0;23.0;60.0;44.0;27.999999999999996;28.000000000000004;61.0;23.0;16.000000000000004;47.0;27.0;26.0;X;1;X;2;X;X;X;X;1;2;1;1;2;105447;1436;99;30;56;1542;17719;120659;22711860;;X1X2XXXX12112;81835
2022-04-30;4739;17;10.0;16.0;74.0;68.0;19.999999999999996;12.0;40.0;28.000000000000004;31.999999999999996;37.0;29.000000000000004;34.0;35.0;31.000000000000007;34.0;31.0;28.999999999999996;40.0;55.00000000000001;25.0;19.999999999999996;50.0;27.0;23.0;43.0;26.999999999999996;30.000000000000004;47.0;26.0;27.0;39.0;29.000000000000004;31.999999999999996;61.0;23.0;16.000000000000004;33.0;28.999999999999996;38.0;2;1;2;2;2;2;1;1;1;X;2;1;2;5949;74;0;0;2185;37239;264580;1082217;28336072;13.0;212222111X212;1654
2022-05-07;4740;18;67.0;19.999999999999996;13.0;71.0;19.000000000000007;9.999999999999998;30.0;27.999999999999996;42.00000000000001;31.0;28.999999999999996;40.0;43.0;26.999999999999996;30.000000000000004;59.0;24.0;17.000000000000004;46.0;25.999999999999996;28.000000000000004;39.0;27.0;34.0;70.0;20.000000000000007;9.999999999999998;64.0;21.999999999999996;14.000000000000002;28.000000000000004;27.0;44.99999999999999;52.0;26.0;21.999999999999996;46.0;26.999999999999996;27.0;X;X;1;2;1;1;2;X;1;1;2;1;2;288308;1900;118;33;49;1443;18509;137074;28124275;14.0;XX12112X11212;107944
2022-05-14;4741;19;26.0;27.0;47.0;41.0;31.0;28.000000000000004;44.0;27.999999999999996;28.000000000000004;17.0;22.0;61.0;48.0;24.0;28.000000000000004;35.0;25.0;40.0;69.0;18.000000000000004;13.0;45.0;24.999999999999993;30.000000000000004;49.0;24.0;27.0;55.00000000000001;23.0;21.999999999999996;55.00000000000001;24.0;20.999999999999996;47.0;24.0;29.000000000000004;65.0;20.999999999999996;14.000000000000002;X;2;1;1;1;1;X;1;2;X;2;1;1;605453;10621;606;143;8;171;2397;21116;18629328;;X21111X12X211;640657
2022-05-21;4742;20;81.0;13.99999999999999;5.000000000000004;82.0;13.0;5.000000000000004;62.0;21.999999999999996;16.000000000000004;41.0;26.000000000000007;32.99999999999999;82.0;13.0;5.000000000000004;8.0;14.000000000000002;78.0;37.0;28.000000000000004;35.0;40.0;28.000000000000004;31.999999999999996;32.0;26.999999999999996;41.0;48.0;26.0;26.0;28.999999999999996;28.999999999999996;42.00000000000001;49.0;26.0;25.0;13.0;21.000000000000004;65.99999999999999;1;1;1;2;1;2;1;2;1;1;1;2;2;3419;74;0;0;1713;29343;222136;961452;22527630;;1112121211122;1066
2022-05-28;4743;21;46.0;25.999999999999996;28.000000000000004;68.0;19.999999999999996;12.0;54.0;24.0;21.999999999999996;35.0;30.000000000000004;35.0;40.0;28.000000000000004;31.999999999999996;28.000000000000004;26.0;46.0;53.0;26.0;20.999999999999996;54.0;26.0;19.999999999999996;27.0;29.000000000000004;43.99999999999999;15.0;20.0;65.0;16.0;23.0;61.0;38.0;26.0;36.0;22.0;26.0;52.0;2;1;1;2;2;1;X;X;2;2;2;X;1;440000;3691;221;54;25;548;7292;61749;20745545;11.0;211221XX222X1;101042
2022-06-04;4744;22;37.0;30.000000000000004;32.99999999999999;10.0;22.0;68.0;35.0;31.000000000000007;34.0;28.999999999999996;31.0;40.0;32.0;30.0;38.0;37.0;27.0;36.0;40.0;25.0;35.0;20.0;25.0;55.00000000000001;28.999999999999996;25.000000000000007;46.0;45.0;24.999999999999993;30.000000000000004;53.0;24.0;23.0;50.0;25.0;25.0;48.0;28.000000000000004;24.0;X;1;X;2;1;2;2;2;1;X;X;X;2;0;88294;4155;839;0;15;255;2629;13583755;;X1X212221XXX2;1305344
2022-06-11;4745;23;53.0;27.0;19.999999999999996;13.0;21.000000000000004;65.99999999999999;61.0;23.0;16.000000000000004;23.0;26.0;51.0;39.0;30.999999999999993;30.000000000000004;46.0;28.999999999999996;25.0;32.0;33.0;35.0;38.0;31.999999999999996;30.000000000000004;13.0;21.000000000000004;65.99999999999999;45.0;30.0;25.0;38.0;25.0;37.0;48.0;25.0;27.0;51.0;25.0;24.0;X;X;X;X;1;1;X;1;2;X;2;X;1;2645193;10586;608;145;3;156;2170;18896;16937713;7.0;XXXX11X12X2X1;441173
2022-06-18;4746;24;62.0;19.999999999999996;18.000000000000004;64.0;19.999999999999996;16.000000000000004;55.00000000000001;24.0;20.999999999999996;49.0;24.0;27.0;54.0;23.0;23.0;13.0;19.0;68.0;38.0;26.0;36.0;41.0;26.000000000000007;32.99999999999999;52.0;25.0;23.0;22.0;23.0;55.00000000000001;74.0;16.000000000000004;9.999999999999998;51.0;26.0;23.0;32.0;30.0;38.0;1;1;2;X;1;2;X;2;1;2;2;1;X;216581;1698;90;24;16;765;11496;88937;13328069;;112X12X21221X;50067
2022-06-25;4747;25;50.0;25.0;25.0;15.0;21.0;64.0;27.0;28.000000000000004;44.99999999999999;11.0;19.0;70.0;33.0;24.999999999999993;42.00000000000001;13.0;19.0;68.0;25.0;23.0;52.0;35.0;27.0;38.0;65.0;19.999999999999996;15.000000000000002;78.0;13.0;8.999999999999996;32.0;26.999999999999996;41.0;35.0;25.0;40.0;55.00000000000001;24.0;20.999999999999996;X;X;X;2;1;2;X;1;1;1;X;1;2;309973;2817;172;46;12;495;6468;49581;14306447;;XXX212X111X12;120411
2022-07-02;4748;26;26.0;28.000000000000004;46.0;62.0;23.0;15.000000000000002;41.0;25.000000000000007;34.0;24.0;24.0;52.0;28.999999999999996;25.000000000000007;46.0;21.0;23.0;56.00000000000001;7.000000000000001;12.0;81.0;28.999999999999996;24.000000000000004;47.0;23.0;24.999999999999996;52.0;41.0;25.000000000000007;34.0;42.0;25.000000000000007;32.99999999999999;62.0;21.999999999999996;16.000000000000004;36.0;29.000000000000004;35.0;X;2;2;X;1;X;2;1;1;1;X;2;1;0;80557;3006;627;0;16;343;3425;13219761;;X22X1X2111X21;1089057
2022-07-09;4749;27;36.0;27.0;37.0;24.0;23.0;53.0;26.0;25.0;49.0;60.0;21.999999999999996;18.000000000000004;51.0;24.0;25.0;22.0;27.0;51.0;56.00000000000001;24.0;19.999999999999996;57.99999999999999;23.00000000000001;18.999999999999993;45.0;25.999999999999996;29.000000000000004;27.0;26.0;47.0;55.00000000000001;25.0;19.999999999999996;48.0;26.0;26.0;37.0;27.0;36.0;X;X;X;1;X;2;2;1;X;2;X;1;X;599739;3739;230;65;12;377;4902;35830;14460512;7.0;XXX1X221X2X1X;436190
2022-07-16;4750;28;66.0;19.999999999999996;14.000000000000002;21.0;26.0;53.0;11.0;17.000000000000004;72.0;5.0;10.0;85.0;39.0;27.0;34.0;23.0;23.999999999999996;53.0;67.0;19.999999999999996;13.0;56.99999999999999;25.0;18.000000000000004;53.0;27.0;19.999999999999996;48.0;25.0;27.0;48.0;27.0;25.0;52.0;24.0;24.0;45.0;25.999999999999996;29.000000000000004;1;X;2;2;2;2;1;X;1;1;X;1;1;3410;78;0;0;963;15688;112266;465746;12632051;;1X22221X11X11;1236
2022-07-23;4751;29;55.00000000000001;24.0;20.999999999999996;55.00000000000001;26.0;18.999999999999993;53.0;25.0;21.999999999999996;49.0;26.0;25.0;76.0;15.000000000000002;8.999999999999996;40.0;27.0;32.99999999999999;38.0;27.0;35.0;47.0;23.0;30.000000000000004;56.00000000000001;24.0;19.999999999999996;37.0;25.0;38.0;36.0;27.0;37.0;25.0;28.000000000000004;47.0;49.0;26.0;25.0;X;1;2;1;1;1;X;X;1;2;1;2;1;32638;305;25;0;207;4565;44276;244122;14300995;6.0;X12111XX12121;27766
2022-07-30;4752;30;34.0;26.999999999999996;39.0;46.0;27.999999999999996;26.0;30.0;28.999999999999996;41.0;47.0;27.0;26.0;49.0;27.0;24.0;42.0;28.999999999999996;29.000000000000004;32.0;27.999999999999996;40.0;38.0;30.999999999999993;31.000000000000007;43.0;27.999999999999996;29.000000000000004;42.0;28.999999999999996;29.000000000000004;36.0;27.0;37.0;52.0;24.0;24.0;67.0;19.999999999999996;13.0;1;1;1;1;X;1;X;X;X;1;2;X;1;441797;4746;297;77;15;340;4342;34790;16550185;6.0;1111X1XXX12X1;157009
2022-08-06;4753;31;19.0;25.0;56.00000000000001;71.0;18.000000000000004;10.999999999999998;57.99999999999999;25.0;17.000000000000004;40.0;28.999999999999993;31.000000000000007;26.0;27.0;47.0;38.0;29.000000000000004;32.99999999999999;54.0;25.0;20.999999999999996;48.0;27.0;25.0;31.0;27.999999999999996;41.0;38.0;29.000000000000004;32.99999999999999;40.0;28.999999999999993;31.000000000000007;55.00000000000001;26.0;18.999999999999993;48.0;27.0;25.0;2;1;1;1;1;2;X;X;1;1;2;1;1;151162;1232;89;27;86;2238;24605;164784;28283403;13.0;211112XX11211;24741
2022-08-13;4754;32;25.0;28.000000000000004;47.0;65.0;19.999999999999996;15.000000000000002;90.0;7.9999999999999964;2.0000000000000018;39.0;29.999999999999993;31.000000000000007;42.0;27.999999999999996;30.000000000000004;41.0;28.999999999999996;30.000000000000004;41.0;27.999999999999996;31.000000000000007;40.0;28.000000000000004;31.999999999999996;36.0;30.000000000000004;34.0;27.0;26.0;47.0;39.0;29.999999999999993;31.000000000000007;42.0;28.999999999999996;29.000000000000004;44.0;27.999999999999996;28.000000000000004;1;1;1;X;X;X;X;2;1;1;1;2;1;558246;7476;396;96;11;308;4652;39693;23618114;;111XXXX211121;183995
2022-08-20;4755;33;11.0;20.0;69.0;38.0;29.000000000000004;32.99999999999999;49.0;27.0;24.0;39.0;28.000000000000004;32.99999999999999;52.0;25.0;23.0;57.99999999999999;25.0;17.000000000000004;50.0;27.0;23.0;32.0;31.0;37.0;50.0;27.0;23.0;27.0;27.0;46.0;45.0;27.999999999999996;27.0;52.0;27.0;20.999999999999996;60.0;25.0;15.000000000000002;2;1;X;1;2;X;2;X;X;1;2;1;1;2067713;9494;480;114;3;245;3872;33870;23858234;;21X12X2XX1211;380383
2022-08-27;4756;34;73.0;17.000000000000004;9.999999999999998;70.0;19.000000000000007;10.999999999999998;85.0;9.999999999999998;5.000000000000004;48.0;26.0;26.0;51.0;26.0;23.0;43.0;27.999999999999996;29.000000000000004;42.0;28.999999999999996;29.000000000000004;37.0;30.000000000000004;32.99999999999999;25.0;27.0;48.0;49.0;27.0;24.0;44.0;27.999999999999996;28.000000000000004;52.0;26.0;21.999999999999996;28.999999999999996;30.0;41.0;1;1;1;X;1;X;2;X;X;2;1;2;2;142804;1725;104;29;49;1521;20149;149483;26913070;;111X1X2XX2122;56305
2022-09-03;4757;35;12.0;18.0;70.0;43.0;25.999999999999996;31.000000000000007;65.0;19.999999999999996;15.000000000000002;69.0;19.000000000000007;12.0;48.0;26.0;26.0;47.0;26.0;27.0;43.0;27.999999999999996;29.000000000000004;44.0;27.999999999999996;28.000000000000004;45.0;28.999999999999996;26.0;49.0;28.000000000000004;23.0;56.99999999999999;25.0;18.000000000000004;31.0;28.999999999999996;40.0;41.0;27.999999999999996;31.000000000000007;X;1;1;1;X;2;1;2;2;1;2;X;1;1000000;7475;482;132;13;419;5191;39456;32127354;13.0;X111X212212X1;292096
2022-09-10;4759;36;15.0;22.0;63.0;67.0;20.0;13.0;8.0;15.0;77.0;59.0;25.0;16.0;47.0;26.0;27.0;49.0;26.0;25.0;33.0;27.0;40.0;20.0;24.0;56.0;56.0;24.0;20.0;79.0;13.0;8.0;30.0;27.0;43.0;45.0;25.0;30.0;34.0;26.0;40.0;2;1;2;1;1;1;X;1;1;1;1;1;1;1223;30;0;0;2823;42163;246768;811280;13285521;;212111X111111;798
2022-09-17;4760;37;64.0;22.0;14.0;66.0;22.0;12.0;34.0;29.0;37.0;58.0;24.0;18.0;36.0;30.0;34.0;42.0;29.0;29.0;47.0;27.0;26.0;39.0;28.0;33.0;30.0;29.0;41.0;40.0;28.0;32.0;51.0;26.0;23.0;46.0;29.0;25.0;61.0;23.0;16.0;1;X;X;1;1;1;1;X;2;X;X;2;X;1609451;9143;462;109;6;265;4188;36815;24852071;10.0;1XX1111X2XX2X;363929
2022-09-24;4761;38;48.0;28.0;24.0;24.0;27.0;49.0;65.0;22.0;13.0;21.0;26.0;53.0;44.0;30.0;26.0;40.0;30.0;30.0;43.0;29.0;28.0;16.0;25.0;59.0;67.0;20.0;13.0;39.0;26.0;35.0;55.0;23.0;22.0;67.0;19.0;14.0;37.0;25.0;38.0;1;1;2;2;1;1;1;1;1;2;2;1;2;380217;3617;216;51;12;473;6328;55056;17548520;;1122111112212;136150
2022-10-01;4762;39;48.0;27.0;25.0;21.0;27.0;52.0;71.0;19.0;10.0;32.0;28.0;40.0;43.0;29.0;28.0;28.0;28.0;44.0;42.0;28.0;30.0;42.0;30.0;28.0;23.0;26.0;51.0;31.0;29.0;40.0;34.0;29.0;37.0;41.0;29.0;30.0;44.0;28.0;28.0;1;2;X;2;2;X;2;1;2;X;1;2;X;714285;5980;375;98;21;523;6660;52855;32080792;15.0;12X22X212X12X;419167
2022-10-08;4763;40;34.0;28.0;38.0;70.0;19.0;11.0;28.0;26.0;46.0;53.0;24.0;23.0;35.0;29.0;36.0;49.0;28.0;23.0;27.0;28.0;45.0;29.0;28.0;43.0;35.0;30.0;35.0;29.0;29.0;42.0;42.0;28.0;30.0;52.0;26.0;22.0;41.0;29.0;30.0;2;1;1;1;1;1;1;2;1;1;1;X;2;102822;1345;87;26;63;1805;22187;152450;24914600;;21111112111X2;67114
2022-10-15;4764;41;65.0;21.0;14.0;51.0;26.0;23.0;58.0;24.0;18.0;39.0;30.0;31.0;54.0;26.0;20.0;41.0;29.0;30.0;50.0;26.0;24.0;40.0;30.0;30.0;28.0;27.0;45.0;62.0;24.0;14.0;42.0;29.0;29.0;35.0;29.0;36.0;26.0;28.0;46.0;1;X;1;2;1;2;2;2;2;X;1;1;2;144139;1847;119;35;43;1258;15594;110095;23838476;;1X1212222X112;84495
2022-10-22;4765;42;49.0;25.0;26.0;79.0;13.0;8.0;38.0;29.0;33.0;51.0;27.0;22.0;52.0;26.0;22.0;34.0;29.0;37.0;49.0;28.0;23.0;40.0;28.0;32.0;44.0;27.0;29.0;37.0;29.0;34.0;42.0;28.0;30.0;32.0;29.0;39.0;34.0;29.0;37.0;X;1;1;1;X;1;1;1;2;X;2;2;2;56771;769;54;18;111;3071;34388;217450;24237253;;X111X1112X222;93550
2022-10-29;4766;43;74.0;15.0;11.0;40.0;28.0;32.0;34.0;29.0;37.0;52.0;26.0;22.0;18.0;24.0;58.0;48.0;27.0;25.0;44.0;28.0;28.0;44.0;29.0;27.0;44.0;29.0;27.0;36.0;30.0;34.0;48.0;28.0;24.0;34.0;30.0;36.0;31.0;29.0;40.0;2;X;1;1;2;1;X;2;1;2;X;1;2;2247830;16747;630;115;3;151;3210;36409;25936503;;2X1121X212X12;367918
2022-11-05;4767;44;39.0;29.0;32.0;85.0;10.0;5.0;55.0;24.0;21.0;34.0;29.0;37.0;28.0;28.0;44.0;33.0;28.0;39.0;48.0;27.0;25.0;31.0;32.0;37.0;30.0;28.0;42.0;44.0;28.0;28.0;42.0;28.0;30.0;49.0;27.0;24.0;50.0;27.0;23.0;2;1;1;X;2;2;X;2;2;2;2;X;2;358974;3359;230;67;39;895;10456;74419;30838334;14.0;211X22X2222X2;175799
2022-11-12;4768;45;15.0;23.0;62.0;41.0;28.0;31.0;76.0;15.0;9.0;60.0;22.0;18.0;34.0;29.0;37.0;32.0;29.0;39.0;46.0;28.0;26.0;33.0;27.0;40.0;31.0;27.0;42.0;38.0;29.0;33.0;40.0;27.0;33.0;39.0;30.0;31.0;49.0;26.0;25.0;2;1;1;1;1;1;2;X;2;1;2;2;1;37726;531;40;0;118;3138;33027;196567;17121865;;2111112X21221;10485
2022-11-19;4769;46;50.0;26.0;24.0;44.0;28.0;28.0;53.0;26.0;21.0;53.0;25.0;22.0;34.0;27.0;39.0;32.0;27.0;41.0;29.0;27.0;44.0;39.0;27.0;34.0;31.0;28.0;41.0;51.0;27.0;22.0;60.0;22.0;18.0;40.0;28.0;32.0;63.0;22.0;15.0;1;1;1;1;X;1;1;2;2;1;X;1;1;97676;825;54;17;75;2063;24918;166297;17474855;6.0;1111X11221X11;12888
2022-11-26;4770;47;46.0;29.0;25.0;63.0;23.0;14.0;33.0;29.0;38.0;47.0;26.0;27.0;52.0;26.0;22.0;64.0;22.0;14.0;30.0;28.0;42.0;40.0;30.0;30.0;38.0;28.0;34.0;58.0;25.0;17.0;59.0;24.0;17.0;54.0;26.0;20.0;37.0;29.0;34.0;1;1;1;1;1;1;1;1;2;2;2;1;X;138823;1731;95;25;27;812;11834;93214;14416285;;111111112221X;51007
2022-12-03;4771;48;50.0;29.0;21.0;33.0;27.0;40.0;29.0;27.0;44.0;20.0;25.0;55.0;56.0;25.0;19.0;41.0;30.0;29.0;45.0;28.0;27.0;54.0;27.0;19.0;38.0;30.0;32.0;35.0;30.0;35.0;38.0;32.0;30.0;38.0;30.0;32.0;35.0;25.0;40.0;1;X;1;2;1;X;2;1;1;2;X;X;X;201029;3215;204;59;18;422;5321;38206;13917419;;1X121X2112XXX;98850
2022-12-10;4772;49;32.0;29.0;39.0;17.0;25.0;58.0;34.0;29.0;37.0;52.0;26.0;22.0;51.0;27.0;22.0;64.0;21.0;15.0;45.0;28.0;27.0;39.0;27.0;34.0;30.0;27.0;43.0;37.0;29.0;34.0;26.0;26.0;48.0;33.0;29.0;38.0;40.0;29.0;31.0;2;1;X;1;X;1;X;2;2;1;X;X;2;0;16738;596;123;0;91;2042;20491;15622648;;21X1X1X221XX2;444128
2022-12-17;4773;50;41.0;28.0;31.0;37.0;28.0;35.0;46.0;27.0;27.0;52.0;26.0;22.0;39.0;29.0;32.0;26.0;28.0;46.0;38.0;29.0;33.0;40.0;29.0;31.0;55.0;25.0;20.0;68.0;20.0;12.0;44.0;28.0;28.0;40.0;28.0;32.0;44.0;27.0;29.0;1;2;1;X;X;2;X;2;2;1;1;2;2;2250000;8980;462;113;4;193;3000;25402;17777291;9.0;121XX2X221122;230930
2022-12-26;4774;51;63.0;22.0;15.0;20.0;23.0;57.0;46.0;26.0;28.0;39.0;30.0;31.0;29.0;27.0;44.0;28.0;27.0;45.0;32.0;29.0;39.0;37.0;29.0;34.0;42.0;28.0;30.0;56.0;26.0;18.0;52.0;27.0;21.0;32.0;30.0;38.0;56.0;24.0;20.0;1;2;2;2;2;2;2;X;X;1;2;X;1;155688;926;67;21;167;4593;50086;329285;43622477;26.0;1222222XX12X1;26392
2022-12-31;4775;52;28.0;27.0;45.0;83.0;12.0;5.0;46.0;28.0;26.0;66.0;20.0;14.0;32.0;29.0;39.0;18.0;25.0;57.0;57.0;23.0;20.0;40.0;29.0;31.0;33.0;28.0;39.0;48.0;26.0;26.0;32.0;29.0;39.0;59.0;24.0;17.0;50.0;25.0;25.0;2;X;1;X;2;X;2;1;X;X;2;1;2;1554065;25616;1418;298;4;91;1315;13021;23908701;;2X1X2X21XX212;866523
2023-01-07;4776;1;72.0;17.0;11.0;35.0;30.0;35.0;17.0;23.0;60.0;16.0;22.0;62.0;14.0;19.0;67.0;20.0;24.0;56.0;42.0;27.0;31.0;33.0;30.0;37.0;21.0;25.0;54.0;59.0;23.0;18.0;27.0;27.0;46.0;38.0;28.0;34.0;50.0;26.0;24.0;X;2;2;2;1;1;2;2;1;1;2;1;X;319592;4694;300;80;17;434;5424;42065;20896455;;X22211221121X;448461
2023-01-14;4777;2;56.0;23.0;21.0;27.0;25.0;48.0;44.0;27.0;29.0;34.0;29.0;37.0;35.0;29.0;36.0;42.0;29.0;29.0;48.0;28.0;24.0;49.0;27.0;24.0;31.0;30.0;39.0;49.0;27.0;24.0;33.0;29.0;38.0;37.0;31.0;32.0;38.0;30.0;32.0;1;1;2;1;1;1;X;X;2;1;2;X;2;109489;929;77;28;137;3233;30959;175731;30815394;15.0;112111XX212X2;224152
2023-01-21;4778;3;23.0;27.0;50.0;27.0;26.0;47.0;33.0;28.0;39.0;54.0;26.0;20.0;35.0;30.0;35.0;39.0;31.0;30.0;41.0;29.0;30.0;45.0;28.0;27.0;31.0;31.0;38.0;36.0;29.0;35.0;51.0;27.0;22.0;61.0;23.0;16.0;33.0;30.0;37.0;X;X;2;1;X;2;1;X;2;X;1;X;2;2144860;12186;706;168;3;198;2734;23833;24748389;;XX21X21X2X1X2;455010
2023-01-28;4779;4;83.0;11.0;6.0;11.0;17.0;72.0;64.0;20.0;16.0;64.0;21.0;15.0;41.0;29.0;30.0;29.0;26.0;45.0;28.0;29.0;43.0;65.0;21.0;14.0;63.0;22.0;15.0;54.0;26.0;20.0;37.0;29.0;34.0;51.0;27.0;22.0;48.0;27.0;25.0;1;2;X;1;X;X;1;X;X;1;1;1;1;65728;1157;91;30;91;1938;19710;124089;23004877;;12X1XX1XX1111;69192
2023-02-04;4780;5;61.0;24.0;15.0;67.0;21.0;12.0;23.0;25.0;52.0;47.0;27.0;26.0;71.0;18.0;11.0;50.0;26.0;24.0;31.0;29.0;40.0;43.0;28.0;29.0;44.0;27.0;29.0;44.0;28.0;28.0;39.0;30.0;31.0;34.0;29.0;37.0;51.0;26.0;23.0;X;1;1;2;1;1;X;1;1;X;2;X;2;481481;4006;244;62;27;773;10149;82064;31765019;13.0;X11211X11X2X2;232825
2023-02-11;4781;6;14.0;23.0;63.0;69.0;19.0;12.0;27.0;26.0;47.0;49.0;27.0;24.0;26.0;28.0;46.0;33.0;30.0;37.0;32.0;28.0;40.0;28.0;27.0;45.0;42.0;27.0;31.0;37.0;30.0;33.0;50.0;27.0;23.0;47.0;28.0;25.0;43.0;27.0;30.0;X;X;1;1;X;2;1;2;X;2;1;X;X;10000000;17004;807;177;1;160;2697;25614;27904938;;XX11X212X21XX;890867
2023-02-18;4782;7;41.0;27.0;32.0;69.0;20.0;11.0;11.0;17.0;72.0;40.0;28.0;32.0;56.0;24.0;20.0;50.0;27.0;23.0;57.0;25.0;18.0;42.0;28.0;30.0;41.0;28.0;31.0;30.0;28.0;42.0;31.0;28.0;41.0;46.0;27.0;27.0;28.0;27.0;45.0;2;2;X;1;2;X;2;1;X;2;2;X;X;0;374584;10436;1667;0;7;201;2620;26893244;;22X12X21X22XX;1424124
2023-02-25;4783;8;21.0;23.0;56.0;10.0;16.0;74.0;21.0;23.0;56.0;47.0;27.0;26.0;38.0;30.0;32.0;54.0;26.0;20.0;33.0;29.0;38.0;40.0;29.0;31.0;57.0;25.0;18.0;36.0;30.0;34.0;50.0;27.0;23.0;34.0;30.0;36.0;37.0;30.0;33.0;X;2;2;1;2;1;2;1;1;2;1;2;1;7717;95;0;0;2103;36389;263811;1097497;35527057;16.0;X221212112121;1587
2023-03-04;4784;9;36.0;28.0;36.0;77.0;14.0;9.0;59.0;23.0;18.0;47.0;28.0;25.0;30.0;28.0;42.0;53.0;25.0;22.0;31.0;28.0;41.0;46.0;27.0;27.0;39.0;28.0;33.0;33.0;29.0;38.0;42.0;29.0;29.0;50.0;26.0;24.0;41.0;30.0;29.0;1;1;1;1;1;1;2;1;2;1;2;X;X;59270;607;49;17;298;5631;54871;329590;35070743;16.0;11111121212XX;17013
2023-03-11;4785;10;11.0;18.0;71.0;26.0;27.0;47.0;27.0;26.0;47.0;67.0;20.0;13.0;35.0;30.0;35.0;47.0;27.0;26.0;47.0;28.0;25.0;35.0;31.0;34.0;34.0;29.0;37.0;34.0;29.0;37.0;50.0;25.0;25.0;29.0;27.0;44.0;64.0;22.0;14.0;2;2;X;1;1;1;X;1;1;2;2;2;1;44660;632;42;0;168;4445;52446;341970;28857603;;22X111X112221;10497
2023-03-18;4786;11;66.0;22.0;12.0;22.0;26.0;52.0;48.0;26.0;26.0;43.0;29.0;28.0;56.0;24.0;20.0;79.0;14.0;7.0;30.0;29.0;41.0;55.0;26.0;19.0;42.0;28.0;30.0;38.0;29.0;33.0;36.0;30.0;34.0;34.0;29.0;37.0;37.0;29.0;34.0;X;X;X;2;1;1;2;1;2;X;1;X;X;615384;3956;233;62;26;789;10674;83873;32015026;;XXX211212X1XX;258044
2023-03-25;4787;12;70.0;19.0;11.0;60.0;24.0;16.0;50.0;27.0;23.0;12.0;21.0;67.0;7.0;14.0;79.0;37.0;30.0;33.0;55.0;25.0;20.0;40.0;30.0;30.0;55.0;26.0;19.0;36.0;29.0;35.0;46.0;29.0;25.0;45.0;27.0;28.0;51.0;26.0;23.0;1;X;X;2;2;X;1;1;1;1;X;X;2;56759;765;51;15;84;2336;27537;187284;18337787;;1XX22X1111XX2;34723
2023-04-01;4788;13;59.0;24.0;17.0;72.0;17.0;11.0;37.0;29.0;34.0;57.0;24.0;19.0;37.0;30.0;33.0;32.0;31.0;37.0;51.0;27.0;22.0;38.0;28.0;34.0;37.0;28.0;35.0;37.0;30.0;33.0;39.0;29.0;32.0;49.0;26.0;25.0;40.0;30.0;30.0;2;1;1;X;1;X;X;2;1;2;2;X;1;1000000;7479;461;121;13;410;5314;42194;31452805;13.0;211X1XX2122X1;581303
2023-04-08;4789;14;9.0;16.0;75.0;40.0;26.0;34.0;24.0;28.0;48.0;57.0;24.0;19.0;30.0;27.0;43.0;35.0;29.0;36.0;56.0;24.0;20.0;34.0;32.0;34.0;59.0;24.0;17.0;29.0;31.0;40.0;63.0;21.0;16.0;28.0;29.0;43.0;24.0;24.0;52.0;2;1;1;1;2;2;2;1;2;2;2;2;2;310112;4048;222;55;22;632;9183;76699;26240289;;2111222122222;190525
2023-04-15;4790;15;81.0;12.0;7.0;37.0;28.0;35.0;46.0;28.0;26.0;65.0;20.0;15.0;35.0;30.0;35.0;37.0;30.0;33.0;53.0;27.0;20.0;35.0;28.0;37.0;24.0;28.0;48.0;49.0;27.0;24.0;41.0;29.0;30.0;57.0;24.0;19.0;50.0;26.0;24.0;1;2;2;2;2;1;1;2;2;1;2;1;1;43756;493;34;0;147;4886;55445;344620;24738996;;1222211221211;21640
2023-04-22;4791;16;77.0;15.0;8.0;39.0;29.0;32.0;38.0;28.0;34.0;46.0;29.0;25.0;49.0;25.0;26.0;49.0;26.0;25.0;35.0;30.0;35.0;56.0;25.0;19.0;34.0;29.0;37.0;45.0;26.0;29.0;36.0;29.0;35.0;26.0;27.0;47.0;23.0;24.0;53.0;1;1;X;X;2;1;X;1;1;2;X;1;2;224214;2189;148;43;48;1155;13627;96624;25931561;11.0;11XX21X112X12;107017
2023-04-29;4792;17;58.0;24.0;18.0;66.0;20.0;14.0;63.0;22.0;15.0;29.0;27.0;44.0;62.0;22.0;16.0;26.0;26.0;48.0;50.0;27.0;23.0;45.0;26.0;29.0;50.0;27.0;23.0;36.0;29.0;35.0;55.0;25.0;20.0;72.0;18.0;10.0;38.0;30.0;32.0;1;1;1;X;1;2;X;1;2;X;2;1;X;87930;989;63;19;72;2399;29908;208131;24350089;;111X12X12X21X;18045
2023-05-06;4793;18;64.0;19.0;17.0;81.0;12.0;7.0;23.0;26.0;51.0;53.0;24.0;23.0;33.0;29.0;38.0;33.0;30.0;37.0;14.0;15.0;71.0;68.0;18.0;14.0;41.0;27.0;32.0;36.0;29.0;35.0;64.0;20.0;16.0;35.0;29.0;36.0;58.0;23.0;19.0;1;1;2;1;1;2;2;1;1;1;X;2;1;3722;73;0;0;1650;31133;238632;1011366;23621446;;1121122111X21;831
2023-05-13;4794;19;68.0;19.0;13.0;42.0;26.0;32.0;66.0;20.0;14.0;51.0;25.0;24.0;34.0;28.0;38.0;36.0;30.0;34.0;38.0;29.0;33.0;34.0;29.0;37.0;25.0;26.0;49.0;24.0;27.0;49.0;23.0;27.0;50.0;65.0;22.0;13.0;43.0;27.0;30.0;1;1;X;1;2;1;X;1;X;2;1;1;1;141304;1074;73;22;92;2381;27682;188690;26251869;13.0;11X121X1X2111;61490
2023-05-20;4795;20;18.0;21.0;61.0;63.0;19.0;18.0;17.0;20.0;63.0;36.0;28.0;36.0;39.0;28.0;33.0;43.0;30.0;27.0;62.0;22.0;16.0;44.0;28.0;28.0;56.0;24.0;20.0;40.0;27.0;33.0;44.0;26.0;30.0;63.0;19.0;18.0;45.0;27.0;28.0;1;X;2;X;X;1;1;1;1;1;2;2;1;301864;3351;183;44;18;608;8907;75561;20898288;;1X2XX11111221;205321
2023-05-28;4796;21;18.0;21.0;61.0;68.0;18.0;14.0;15.0;18.0;67.0;41.0;27.0;32.0;64.0;21.0;15.0;42.0;25.0;33.0;34.0;26.0;40.0;35.0;25.0;40.0;67.0;18.0;15.0;54.0;24.0;22.0;40.0;28.0;32.0;48.0;26.0;26.0;33.0;26.0;41.0;1;1;X;1;1;1;2;X;1;X;2;1;1;183098;1312;86;25;71;2084;25339;179834;28047750;13.0;11X1112X1X211;112578
2023-06-03;4797;22;63.0;20.0;17.0;55.0;25.0;20.0;54.0;23.0;23.0;19.0;23.0;58.0;64.0;19.0;17.0;38.0;31.0;31.0;40.0;32.0;28.0;37.0;32.0;31.0;34.0;25.0;41.0;60.0;22.0;18.0;52.0;24.0;24.0;32.0;26.0;42.0;69.0;17.0;14.0;1;2;1;2;2;2;X;X;2;1;1;1;1;81032;899;57;17;54;1825;22955;156169;16829746;;121222XX21111;21280
2023-06-10;4798;23;66.0;20.0;14.0;34.0;29.0;37.0;54.0;24.0;22.0;61.0;22.0;17.0;30.0;26.0;44.0;65.0;20.0;15.0;46.0;26.0;28.0;66.0;20.0;14.0;41.0;26.0;33.0;46.0;25.0;29.0;38.0;25.0;37.0;29.0;22.0;49.0;46.0;26.0;28.0;1;2;1;1;2;1;2;1;1;1;2;X;X;4733;92;0;0;800;15430;122367;531940;14565494;;12112121112XX;2433
2023-06-17;4799;24;62.0;22.0;16.0;46.0;27.0;27.0;34.0;31.0;35.0;27.0;28.0;45.0;46.0;29.0;25.0;67.0;21.0;12.0;25.0;28.0;47.0;10.0;16.0;74.0;79.0;13.0;8.0;43.0;31.0;26.0;51.0;24.0;25.0;27.0;24.0;49.0;28.0;25.0;47.0;X;2;2;X;X;1;2;2;1;X;1;X;X;91476;748;55;18;81;1958;20948;130941;15025505;7.0;X22XX1221X1XX;78684
2023-06-25;4800;25;26.0;25.0;49.0;37.0;25.0;38.0;65.0;20.0;15.0;32.0;25.0;43.0;46.0;26.0;28.0;45.0;28.0;27.0;19.0;21.0;60.0;41.0;28.0;31.0;80.0;12.0;8.0;18.0;22.0;60.0;25.0;25.0;50.0;50.0;24.0;26.0;41.0;24.0;35.0;1;X;1;2;2;1;1;2;1;1;2;1;1;152543;2156;147;40;21;557;6528;49795;12320785;;1X12211211211;106512
2023-07-01;4801;26;79.0;14.0;7.0;42.0;26.0;32.0;78.0;14.0;8.0;42.0;29.0;29.0;20.0;25.0;55.0;34.0;30.0;36.0;42.0;26.0;32.0;31.0;30.0;39.0;44.0;29.0;27.0;39.0;29.0;32.0;56.0;24.0;20.0;42.0;29.0;29.0;44.0;27.0;29.0;1;2;X;1;2;X;X;1;1;2;1;X;X;469246;2458;130;35;7;501;7557;57253;12633553;;12X12XX1121XX;207971
2023-07-08;4802;27;50.0;25.0;25.0;38.0;28.0;34.0;65.0;20.0;15.0;33.0;28.0;39.0;62.0;22.0;16.0;31.0;28.0;41.0;38.0;32.0;30.0;47.0;25.0;28.0;36.0;29.0;35.0;44.0;30.0;26.0;61.0;24.0;15.0;38.0;29.0;33.0;44.0;27.0;29.0;2;1;1;X;2;X;1;1;2;X;2;1;X;960153;11491;681;151;3;94;1268;11887;11078697;;211X2X112X21X;821109
2023-07-15;4803;28;76.0;16.0;8.0;35.0;27.0;38.0;44.0;26.0;30.0;27.0;24.0;49.0;37.0;28.0;35.0;50.0;27.0;23.0;55.0;27.0;18.0;46.0;26.0;28.0;71.0;19.0;10.0;50.0;27.0;23.0;43.0;28.0;29.0;30.0;27.0;43.0;72.0;17.0;11.0;1;2;1;2;1;1;1;2;X;1;2;1;X;222637;2366;151;43;14;494;6182;44553;11988175;;12121112X121X;115751
2023-07-22;4804;29;23.0;24.0;53.0;64.0;19.0;17.0;19.0;23.0;58.0;63.0;22.0;15.0;38.0;29.0;33.0;54.0;25.0;21.0;68.0;18.0;14.0;58.0;24.0;18.0;27.0;27.0;46.0;45.0;27.0;28.0;60.0;23.0;17.0;59.0;24.0;17.0;42.0;27.0;31.0;1;1;2;1;2;1;X;1;X;X;1;1;1;34765;414;24;0;89;2799;37803;235053;11900505;;112121X1XX111;10642
2023-07-29;4805;30;36.0;27.0;37.0;50.0;27.0;23.0;27.0;24.0;49.0;52.0;24.0;24.0;34.0;25.0;41.0;49.0;24.0;27.0;42.0;25.0;33.0;43.0;26.0;31.0;20.0;23.0;57.0;18.0;23.0;59.0;36.0;31.0;33.0;59.0;20.0;21.0;59.0;25.0;16.0;1;2;1;2;X;X;1;1;2;2;2;X;1;0;13452;626;131;0;102;1752;17377;14073793;5.0;1212XX11222X1;319248
2023-08-05;4806;31;35.0;30.0;35.0;46.0;28.0;26.0;50.0;27.0;23.0;57.0;24.0;19.0;43.0;28.0;29.0;58.0;24.0;18.0;55.0;25.0;20.0;45.0;28.0;27.0;71.0;17.0;12.0;55.0;24.0;21.0;54.0;24.0;22.0;51.0;25.0;24.0;36.0;27.0;37.0;1;X;2;1;1;1;X;1;1;1;2;1;X;150892;1017;68;20;68;1721;20345;140742;17952569;10.0;1X2111X11121X;34692
2023-08-12;4807;32;54.0;24.0;22.0;43.0;28.0;29.0;35.0;28.0;37.0;73.0;16.0;11.0;31.0;30.0;39.0;24.0;25.0;51.0;19.0;24.0;57.0;47.0;27.0;26.0;47.0;26.0;27.0;34.0;27.0;39.0;32.0;29.0;39.0;54.0;25.0;21.0;48.0;27.0;25.0;1;2;X;1;2;1;2;2;1;1;X;X;1;342105;2109;133;37;38;1322;16705;123871;28608301;13.0;12X1212211XX1;79949
2023-08-19;4808;33;60.0;22.0;18.0;31.0;26.0;43.0;78.0;14.0;8.0;36.0;28.0;36.0;20.0;24.0;56.0;50.0;26.0;24.0;43.0;28.0;29.0;57.0;23.0;20.0;37.0;30.0;33.0;43.0;28.0;29.0;57.0;24.0;19.0;42.0;27.0;31.0;27.0;27.0;46.0;1;1;1;2;2;2;2;X;2;1;1;X;2;36839;606;50;18;177;4033;38586;222283;25078965;;1112222X211X2;33784
2023-08-26;4809;34;63.0;21.0;16.0;77.0;15.0;8.0;73.0;16.0;11.0;42.0;28.0;30.0;47.0;27.0;26.0;42.0;29.0;29.0;50.0;27.0;23.0;44.0;29.0;27.0;47.0;26.0;27.0;28.0;27.0;45.0;41.0;29.0;30.0;36.0;29.0;35.0;43.0;27.0;30.0;2;X;1;2;X;2;1;1;X;2;1;1;1;299486;3386;179;46;25;829;12534;100434;28796816;;2X12X211X2111;356279
2023-09-02;4810;35;38.0;25.0;37.0;69.0;18.0;13.0;25.0;23.0;52.0;58.0;23.0;19.0;44.0;27.0;29.0;55.0;24.0;21.0;58.0;22.0;20.0;62.0;22.0;16.0;57.0;22.0;21.0;36.0;26.0;38.0;24.0;25.0;51.0;45.0;27.0;28.0;57.0;24.0;19.0;1;2;2;X;X;1;2;X;2;1;1;2;2;0;157050;7669;1598;0;21;344;3439;33826295;13.0;122XX12X21122;1342710
2023-09-09;4811;36;11.0;19.0;70.0;12.0;20.0;68.0;10.0;17.0;73.0;47.0;28.0;25.0;17.0;24.0;59.0;60.0;22.0;18.0;40.0;26.0;34.0;17.0;22.0;61.0;44.0;25.0;31.0;46.0;25.0;29.0;27.0;25.0;48.0;17.0;22.0;61.0;32.0;32.0;36.0;2;X;X;X;X;2;2;X;X;1;2;X;1;14790124;49960;2088;429;1;45;861;8727;23058799;14.0;2XXXX22XX12X1;1043076
2023-09-16;4812;37;62.0;22.0;16.0;45.0;24.0;31.0;15.0;20.0;65.0;74.0;16.0;10.0;50.0;25.0;25.0;57.0;24.0;19.0;37.0;27.0;36.0;39.0;28.0;33.0;50.0;25.0;25.0;46.0;27.0;27.0;30.0;27.0;43.0;26.0;27.0;47.0;48.0;27.0;25.0;1;2;2;1;1;1;1;X;1;1;2;2;1;559;18;0;0;12211;141862;707325;2035972;23300021;;1221111X11221;46
2023-09-23;4813;38;23.0;23.0;54.0;54.0;25.0;21.0;50.0;27.0;23.0;28.0;28.0;44.0;53.0;25.0;22.0;51.0;26.0;23.0;58.0;24.0;18.0;35.0;27.0;38.0;31.0;27.0;42.0;33.0;30.0;37.0;45.0;27.0;28.0;46.0;27.0;27.0;37.0;27.0;36.0;2;2;X;X;1;1;1;1;1;X;1;X;X;282047;2150;143;41;50;1356;16223;118369;29912394;14.0;22XX11111X1XX;150353
2023-09-30;4814;39;33.0;24.0;43.0;17.0;20.0;63.0;61.0;22.0;17.0;59.0;24.0;17.0;73.0;17.0;10.0;12.0;17.0;71.0;65.0;20.0;15.0;27.0;24.0;49.0;45.0;28.0;27.0;51.0;26.0;23.0;38.0;30.0;32.0;32.0;28.0;40.0;41.0;28.0;31.0;1;2;2;2;1;1;1;X;2;1;2;2;2;1009940;11427;683;169;7;232;3101;21027;27190700;;1222111X21222;321362
2023-10-07;4815;40;47.0;28.0;25.0;23.0;25.0;52.0;58.0;23.0;19.0;50.0;25.0;25.0;59.0;24.0;17.0;38.0;29.0;33.0;39.0;27.0;34.0;58.0;24.0;18.0;63.0;21.0;16.0;46.0;27.0;27.0;39.0;28.0;33.0;35.0;28.0;37.0;36.0;28.0;36.0;X;2;1;1;1;X;X;1;1;X;2;2;X;12106;140;15;0;1652;25954;194213;867630;37371898;20.0;X2111XX11X22X;10567
2023-10-14;4816;41;35.0;30.0;35.0;51.0;28.0;21.0;60.0;25.0;15.0;25.0;24.0;51.0;40.0;28.0;32.0;46.0;28.0;26.0;37.0;29.0;34.0;48.0;27.0;25.0;48.0;26.0;26.0;22.0;24.0;54.0;35.0;29.0;36.0;47.0;28.0;25.0;60.0;22.0;18.0;1;1;2;2;1;X;2;2;1;2;1;2;1;451458;2375;137;36;25;823;11399;88364;20052074;11.0;11221X2212121;94899
2023-10-21;4817;42;32.0;28.0;40.0;14.0;20.0;66.0;69.0;17.0;14.0;66.0;21.0;13.0;59.0;24.0;17.0;40.0;27.0;33.0;53.0;24.0;23.0;33.0;27.0;40.0;47.0;26.0;27.0;40.0;28.0;32.0;33.0;27.0;40.0;54.0;24.0;22.0;22.0;24.0;54.0;X;2;1;1;X;2;1;2;1;1;2;1;2;1615;41;0;0;4466;65165;408547;1448635;27744083;;X211X21211212;864
2023-10-28;4818;43;22.0;24.0;54.0;83.0;12.0;5.0;45.0;27.0;28.0;39.0;26.0;35.0;46.0;26.0;28.0;42.0;28.0;30.0;48.0;27.0;25.0;64.0;20.0;16.0;53.0;25.0;22.0;19.0;23.0;58.0;42.0;27.0;31.0;46.0;28.0;26.0;39.0;28.0;33.0;X;1;1;2;2;1;1;1;2;2;1;X;2;35419;335;27;0;420;9169;88037;492325;31553061;14.0;X1122111221X2;29143
2023-11-04;4819;44;33.0;29.0;38.0;32.0;25.0;43.0;86.0;9.0;5.0;46.0;26.0;28.0;34.0;30.0;36.0;26.0;26.0;48.0;25.0;26.0;49.0;33.0;28.0;39.0;28.0;27.0;45.0;26.0;24.0;50.0;43.0;28.0;29.0;36.0;28.0;36.0;45.0;28.0;27.0;1;X;1;1;2;1;X;X;2;X;X;X;1;532308;4840;314;87;26;675;8303;62535;33510192;13.0;1X1121XX2XXX1;345085
2023-11-11;4820;45;20.0;23.0;57.0;82.0;12.0;6.0;73.0;16.0;11.0;39.0;29.0;32.0;44.0;27.0;29.0;41.0;29.0;30.0;56.0;24.0;20.0;60.0;22.0;18.0;32.0;28.0;40.0;35.0;29.0;36.0;36.0;31.0;33.0;51.0;26.0;23.0;65.0;21.0;14.0;1;1;1;2;2;X;1;1;1;X;2;1;1;45825;683;48;15;150;3772;42743;282691;26438000;;11122X111X211;10611
2023-11-18;4821;46;80.0;14.0;6.0;33.0;29.0;38.0;71.0;18.0;11.0;66.0;19.0;15.0;59.0;24.0;17.0;53.0;27.0;20.0;30.0;23.0;47.0;49.0;26.0;25.0;40.0;27.0;33.0;47.0;26.0;27.0;29.0;25.0;46.0;66.0;19.0;15.0;43.0;26.0;31.0;1;2;X;2;1;1;1;1;X;1;X;1;X;312927;2294;123;31;13;665;9851;81775;15646393;;12X21111X1X1X;104261
2023-11-25;4822;47;21.0;25.0;54.0;37.0;28.0;35.0;30.0;27.0;43.0;26.0;26.0;48.0;27.0;28.0;45.0;30.0;27.0;43.0;26.0;27.0;47.0;21.0;24.0;55.0;35.0;30.0;35.0;30.0;25.0;45.0;38.0;30.0;32.0;43.0;27.0;30.0;37.0;29.0;34.0;2;1;2;2;1;2;1;X;2;1;2;2;X;715211;10947;637;160;10;245;3365;27927;27508146;;2122121X2122X;353847
2023-12-02;4823;48;49.0;26.0;25.0;35.0;29.0;36.0;72.0;17.0;11.0;64.0;21.0;15.0;51.0;26.0;23.0;40.0;29.0;31.0;54.0;24.0;22.0;54.0;24.0;22.0;34.0;28.0;38.0;32.0;28.0;40.0;33.0;27.0;40.0;60.0;22.0;18.0;50.0;26.0;24.0;1;2;1;1;1;2;1;1;X;1;1;1;X;7072;137;0;0;980;18955;163083;768530;26656598;;12111211X111X;2062
2023-12-09;4824;49;29.0;25.0;46.0;57.0;23.0;20.0;64.0;19.0;17.0;19.0;23.0;58.0;48.0;27.0;25.0;46.0;29.0;25.0;32.0;30.0;38.0;42.0;26.0;32.0;51.0;26.0;23.0;30.0;28.0;42.0;27.0;27.0;46.0;46.0;28.0;26.0;31.0;28.0;41.0;1;2;X;1;X;1;X;2;X;1;2;2;X;4830343;61837;3775;783;3;49;642;6442;31077375;13.0;12X1X1X2X122X;1450249
2023-12-16;4825;50;27.0;28.0;45.0;65.0;21.0;14.0;76.0;15.0;9.0;81.0;12.0;7.0;52.0;25.0;23.0;30.0;28.0;42.0;51.0;26.0;23.0;65.0;21.0;14.0;50.0;28.0;22.0;33.0;30.0;37.0;41.0;29.0;30.0;60.0;22.0;18.0;29.0;26.0;45.0;2;1;1;X;1;1;1;X;X;2;1;1;2;92431;1190;69;19;69;2009;27665;203312;24529783;;211X111XX2112;45016
2023-12-23;4826;51;40.0;27.0;33.0;53.0;22.0;25.0;19.0;23.0;58.0;57.0;24.0;19.0;33.0;28.0;39.0;41.0;27.0;32.0;43.0;28.0;29.0;60.0;23.0;17.0;43.0;27.0;30.0;22.0;25.0;53.0;43.0;29.0;28.0;44.0;29.0;27.0;47.0;27.0;26.0;X;1;1;2;2;2;1;1;X;2;2;X;2;1096507;11943;597;131;7;241;3855;36506;29521356;;X1122211X22X2;478383
2023-12-26;4827;52;38.0;26.0;36.0;13.0;17.0;70.0;44.0;27.0;29.0;42.0;28.0;30.0;35.0;27.0;38.0;38.0;29.0;33.0;54.0;25.0;21.0;30.0;25.0;45.0;39.0;28.0;33.0;17.0;22.0;61.0;66.0;20.0;14.0;49.0;28.0;23.0;53.0;25.0;22.0;1;2;1;2;X;2;1;1;2;1;1;2;1;185714;1251;103;35;140;2794;27023;161942;35860493;26.0;1212X21121121;81270
2023-12-30;4828;53;32.0;26.0;42.0;70.0;18.0;12.0;40.0;29.0;31.0;90.0;6.0;4.0;36.0;29.0;35.0;16.0;22.0;62.0;61.0;20.0;19.0;46.0;31.0;23.0;65.0;20.0;15.0;48.0;28.0;24.0;53.0;26.0;21.0;47.0;28.0;25.0;56.0;25.0;19.0;1;1;1;1;1;1;1;1;1;2;X;2;X;238375;3121;180;46;25;716;9890;79511;22920736;;1111111112X2X;65351
2024-01-06;4829;1;79.0;13.0;8.0;69.0;18.0;13.0;18.0;21.0;61.0;19.0;22.0;59.0;18.0;22.0;60.0;54.0;24.0;22.0;41.0;28.0;31.0;62.0;21.0;17.0;70.0;17.0;13.0;68.0;18.0;14.0;56.0;22.0;22.0;13.0;20.0;67.0;65.0;19.0;16.0;1;1;2;2;2;X;1;X;1;1;X;2;1;1336;34;0;0;3943;56623;341497;1192437;20266947;;11222X1X11X21;607
2024-01-13;4830;2;17.0;22.0;61.0;45.0;28.0;27.0;41.0;27.0;32.0;20.0;24.0;56.0;37.0;27.0;36.0;33.0;29.0;38.0;36.0;30.0;34.0;23.0;27.0;50.0;66.0;21.0;13.0;56.0;24.0;20.0;31.0;23.0;46.0;40.0;28.0;32.0;25.0;28.0;47.0;2;1;X;2;X;2;1;2;1;1;2;X;2;9180;120;0;0;1416;23093;172170;759932;28624498;13.0;21X2X212112X2;606
2024-01-20;4831;3;49.0;26.0;25.0;51.0;25.0;24.0;40.0;29.0;31.0;74.0;16.0;10.0;36.0;29.0;35.0;43.0;27.0;30.0;38.0;31.0;31.0;30.0;28.0;42.0;49.0;27.0;24.0;37.0;28.0;35.0;27.0;28.0;45.0;22.0;27.0;51.0;43.0;28.0;29.0;1;X;X;X;1;1;1;2;2;2;1;X;1;2333303;12019;657;160;6;222;3247;27668;27367812;14.0;1XXX1112221X1;745397
2024-01-27;4832;4;33.0;27.0;40.0;62.0;22.0;16.0;71.0;17.0;12.0;69.0;17.0;14.0;18.0;23.0;59.0;44.0;30.0;26.0;50.0;26.0;24.0;51.0;26.0;23.0;36.0;29.0;35.0;48.0;28.0;24.0;21.0;26.0;53.0;37.0;29.0;34.0;29.0;28.0;43.0;2;2;X;1;2;X;1;X;1;X;X;X;2;861494;12223;641;154;7;185;2818;24423;23194084;;22X12X1X1XXX2;406055
2024-02-03;4833;5;18.0;22.0;60.0;59.0;23.0;18.0;32.0;27.0;41.0;70.0;17.0;13.0;47.0;26.0;27.0;37.0;30.0;33.0;48.0;27.0;25.0;37.0;27.0;36.0;25.0;27.0;48.0;11.0;18.0;71.0;24.0;26.0;50.0;46.0;25.0;29.0;51.0;27.0;22.0;2;1;X;X;2;1;1;1;1;2;2;2;2;302325;3102;202;56;43;987;12115;91021;31403314;13.0;21XX211112222;140594
2024-02-10;4834;6;27.0;26.0;47.0;81.0;12.0;7.0;52.0;22.0;26.0;39.0;27.0;34.0;54.0;25.0;21.0;45.0;27.0;28.0;40.0;27.0;33.0;42.0;30.0;28.0;55.0;24.0;21.0;56.0;25.0;19.0;35.0;28.0;37.0;60.0;22.0;18.0;22.0;25.0;53.0;2;1;1;1;2;2;1;2;2;2;X;1;2;186897;2720;175;49;38;979;12132;89508;27315783;;2111221222X12;112612
2024-02-17;4835;7;70.0;18.0;12.0;13.0;18.0;69.0;62.0;21.0;17.0;33.0;27.0;40.0;53.0;24.0;23.0;39.0;28.0;33.0;30.0;28.0;42.0;45.0;30.0;25.0;30.0;28.0;42.0;51.0;26.0;23.0;38.0;28.0;34.0;33.0;29.0;38.0;26.0;26.0;48.0;X;2;2;2;X;1;1;2;2;1;X;2;2;193595;2871;180;49;35;885;11217;84795;26060902;;X222X11221X22;380711
2024-02-24;4836;8;69.0;18.0;13.0;14.0;19.0;67.0;51.0;25.0;24.0;62.0;21.0;17.0;63.0;20.0;17.0;48.0;28.0;24.0;37.0;26.0;37.0;35.0;30.0;35.0;64.0;20.0;16.0;58.0;25.0;17.0;37.0;30.0;33.0;56.0;24.0;20.0;48.0;26.0;26.0;1;2;X;2;1;1;X;1;2;1;1;2;2;362322;4784;330;87;20;568;6570;51809;27870949;;12X211X121122;184957
2024-03-02;4837;9;24.0;23.0;53.0;31.0;26.0;43.0;63.0;21.0;16.0;17.0;20.0;63.0;51.0;24.0;25.0;48.0;27.0;25.0;34.0;26.0;40.0;24.0;25.0;51.0;38.0;30.0;32.0;46.0;27.0;27.0;36.0;29.0;35.0;36.0;28.0;36.0;36.0;34.0;30.0;2;X;1;2;1;2;1;2;1;1;X;1;1;3938;61;0;0;3301;53536;368636;1420788;33801383;13.0;2X12121211X11;4961
2024-03-09;4838;10;78.0;14.0;8.0;37.0;28.0;35.0;71.0;17.0;12.0;54.0;25.0;21.0;53.0;24.0;23.0;25.0;27.0;48.0;42.0;29.0;29.0;67.0;20.0;13.0;40.0;30.0;30.0;33.0;29.0;38.0;64.0;20.0;16.0;36.0;28.0;36.0;38.0;29.0;33.0;1;1;X;X;X;X;1;1;2;2;1;2;X;327548;2291;143;39;50;1350;17203;128958;31723721;16.0;11XXXX112212X;151061
2024-03-16;4839;11;71.0;17.0;12.0;31.0;25.0;44.0;29.0;26.0;45.0;36.0;27.0;37.0;39.0;28.0;33.0;62.0;22.0;16.0;52.0;24.0;24.0;37.0;29.0;34.0;24.0;27.0;49.0;38.0;29.0;33.0;41.0;29.0;30.0;53.0;27.0;20.0;45.0;28.0;27.0;1;1;1;X;2;1;X;2;X;2;X;1;1;214118;2737;172;48;30;880;11143;83566;24705937;;111X21X2X2X11;132478
2024-03-23;4840;12;49.0;26.0;25.0;52.0;25.0;23.0;26.0;28.0;46.0;45.0;28.0;27.0;30.0;29.0;41.0;41.0;29.0;30.0;19.0;26.0;55.0;19.0;25.0;56.0;54.0;26.0;20.0;37.0;29.0;34.0;31.0;29.0;40.0;55.0;25.0;20.0;47.0;25.0;28.0;2;2;X;X;2;2;X;1;1;X;2;1;2;0;51816;1983;411;0;30;627;6296;15943576;;22XX22X11X212;895481
2024-03-30;4841;13;31.0;25.0;44.0;59.0;22.0;19.0;72.0;16.0;12.0;74.0;15.0;11.0;43.0;28.0;29.0;44.0;27.0;29.0;20.0;25.0;55.0;31.0;31.0;38.0;36.0;28.0;36.0;46.0;32.0;22.0;66.0;18.0;16.0;46.0;26.0;28.0;18.0;22.0;60.0;X;1;X;1;X;1;X;1;2;X;2;X;2;1714285;11444;549;119;7;239;3982;38113;28053028;12.0;X1X1X1X12X2X2;408218
2024-04-06;4842;14;19.0;22.0;59.0;56.0;22.0;22.0;38.0;26.0;36.0;40.0;26.0;34.0;58.0;23.0;19.0;30.0;25.0;45.0;24.0;23.0;53.0;30.0;29.0;41.0;26.0;26.0;48.0;43.0;30.0;27.0;49.0;28.0;23.0;42.0;29.0;29.0;45.0;28.0;27.0;2;X;2;2;1;1;X;2;1;1;2;X;X;920183;12077;683;173;7;200;2826;23146;24774166;;2X2211X2112XX;510904
2024-04-13;4843;15;40.0;25.0;35.0;68.0;18.0;14.0;26.0;25.0;49.0;43.0;27.0;30.0;31.0;28.0;41.0;41.0;30.0;29.0;47.0;28.0;25.0;52.0;24.0;24.0;51.0;28.0;21.0;31.0;29.0;40.0;36.0;30.0;34.0;69.0;18.0;13.0;54.0;26.0;20.0;X;1;X;X;1;X;1;X;1;2;X;1;2;1181818;6434;354;88;11;442;6426;53402;29170443;13.0;X1XX1X1X12X12;218741
2024-04-20;4844;16;66.0;19.0;15.0;12.0;19.0;69.0;31.0;26.0;43.0;34.0;27.0;39.0;17.0;21.0;62.0;44.0;27.0;29.0;57.0;24.0;19.0;48.0;28.0;24.0;18.0;24.0;58.0;52.0;27.0;21.0;43.0;29.0;28.0;36.0;28.0;36.0;76.0;15.0;9.0;1;2;2;2;1;2;X;1;X;1;2;X;1;375424;3969;219;56;17;603;8735;70273;24546963;;122212X1X12X1;65787
2024-04-27;4845;17;40.0;25.0;35.0;65.0;19.0;16.0;47.0;26.0;27.0;41.0;27.0;32.0;78.0;13.0;9.0;47.0;25.0;28.0;29.0;26.0;45.0;34.0;27.0;39.0;26.0;28.0;46.0;42.0;28.0;30.0;48.0;27.0;25.0;33.0;29.0;38.0;40.0;29.0;31.0;X;X;X;1;1;1;X;X;2;X;1;1;1;254593;3254;201;54;27;792;10232;79131;26438602;;XXX111XX2X111;241259
2024-05-04;4846;18;87.0;8.0;5.0;45.0;26.0;29.0;28.0;24.0;48.0;19.0;22.0;59.0;42.0;24.0;34.0;36.0;26.0;38.0;23.0;27.0;50.0;34.0;26.0;40.0;25.0;29.0;46.0;26.0;26.0;48.0;54.0;26.0;20.0;43.0;26.0;31.0;60.0;23.0;17.0;1;X;2;2;1;2;X;1;2;2;X;X;1;97744;823;58;18;133;3187;35725;236126;26924785;13.0;1X2212X122XX1;15015
2024-05-11;4847;19;27.0;25.0;48.0;63.0;19.0;18.0;70.0;16.0;14.0;53.0;22.0;25.0;34.0;28.0;38.0;48.0;24.0;28.0;67.0;19.0;14.0;37.0;27.0;36.0;46.0;25.0;29.0;47.0;26.0;27.0;49.0;25.0;26.0;40.0;25.0;35.0;62.0;21.0;17.0;2;X;1;1;2;2;1;1;2;2;1;1;X;247257;2681;160;42;24;830;11079;86808;22823784;;2X1122112211X;80977
2024-05-18;4848;20;82.0;11.0;7.0;88.0;7.0;5.0;82.0;10.0;8.0;31.0;24.0;45.0;45.0;24.0;31.0;65.0;18.0;17.0;12.0;15.0;73.0;46.0;24.0;30.0;35.0;26.0;39.0;35.0;26.0;39.0;59.0;23.0;18.0;36.0;31.0;33.0;45.0;28.0;27.0;1;1;1;2;2;1;2;1;2;2;X;2;X;3989;88;0;0;1437;24249;183504;802427;22047355;;1112212122X2X;1890
2024-05-25;4849;21;72.0;16.0;12.0;50.0;26.0;24.0;6.0;11.0;83.0;18.0;22.0;60.0;31.0;26.0;43.0;31.0;28.0;41.0;74.0;16.0;10.0;61.0;22.0;17.0;50.0;26.0;24.0;47.0;25.0;28.0;54.0;26.0;20.0;57.0;23.0;20.0;51.0;25.0;24.0;2;1;2;2;1;2;1;1;X;X;1;1;2;119944;704;44;0;84;2539;31983;221262;18357453;10.0;21221211XX112;17725
2024-06-01;4850;22;19.0;22.0;59.0;29.0;27.0;44.0;53.0;24.0;23.0;50.0;26.0;24.0;13.0;18.0;69.0;51.0;24.0;25.0;57.0;23.0;20.0;37.0;26.0;37.0;41.0;28.0;31.0;57.0;24.0;19.0;21.0;24.0;55.0;45.0;26.0;29.0;44.0;24.0;32.0;2;1;1;1;2;X;1;2;X;1;2;1;2;18373;199;17;0;406;8417;76404;384956;17217349;7.0;21112X12X1212;1481
2024-06-08;4851;23;41.0;28.0;31.0;45.0;27.0;28.0;56.0;25.0;19.0;83.0;12.0;5.0;45.0;28.0;27.0;52.0;24.0;24.0;36.0;29.0;35.0;24.0;26.0;50.0;38.0;30.0;32.0;24.0;24.0;52.0;37.0;27.0;36.0;63.0;20.0;17.0;15.0;19.0;66.0;2;1;2;1;X;1;2;2;X;1;1;1;1;493811;1647;84;22;14;937;14675;116391;15828985;6.0;2121X122X1111;151026
2024-06-15;4852;24;51.0;27.0;22.0;68.0;21.0;11.0;43.0;25.0;32.0;41.0;24.0;35.0;63.0;21.0;16.0;54.0;25.0;21.0;41.0;26.0;33.0;42.0;27.0;31.0;33.0;24.0;43.0;30.0;25.0;45.0;77.0;15.0;8.0;61.0;23.0;16.0;57.0;24.0;19.0;1;1;X;X;1;1;X;X;1;X;1;1;2;66991;827;56;17;41;1245;14587;96008;10564095;;11XX11XX1X112;40707
2024-06-22;4853;25;23.0;24.0;53.0;34.0;26.0;40.0;47.0;29.0;24.0;28.0;26.0;46.0;53.0;25.0;22.0;50.0;26.0;24.0;40.0;26.0;34.0;30.0;27.0;43.0;28.0;21.0;51.0;74.0;17.0;9.0;78.0;15.0;7.0;48.0;29.0;23.0;20.0;26.0;54.0;X;2;1;2;1;1;2;2;2;1;1;1;2;1608;41;0;0;1499;21671;134601;473274;9273989;;X212112221112;84
2024-06-29;4854;26;30.0;32.0;38.0;60.0;24.0;16.0;70.0;20.0;10.0;28.0;28.0;44.0;30.0;25.0;45.0;36.0;24.0;40.0;50.0;25.0;25.0;15.0;20.0;65.0;37.0;28.0;35.0;38.0;24.0;38.0;47.0;24.0;29.0;67.0;18.0;15.0;14.0;22.0;64.0;1;1;1;X;X;1;2;2;X;X;X;1;X;232410;2229;142;40;25;602;7548;55898;13768682;5.0;111XX122XXX1X;177942
2024-07-06;4855;27;44.0;32.0;24.0;55.0;25.0;20.0;74.0;18.0;8.0;34.0;29.0;37.0;60.0;21.0;19.0;43.0;24.0;33.0;68.0;20.0;12.0;50.0;28.0;22.0;54.0;23.0;23.0;67.0;20.0;13.0;42.0;26.0;32.0;50.0;25.0;25.0;38.0;25.0;37.0;X;1;1;X;1;X;X;1;1;1;X;1;X;16581;204;17;0;169;5145;47567;236604;10777922;;X11X1XX111X1X;23127
2024-07-13;4856;28;44.0;26.0;30.0;75.0;15.0;10.0;29.0;28.0;43.0;45.0;26.0;29.0;40.0;28.0;32.0;19.0;19.0;62.0;48.0;25.0;27.0;70.0;17.0;13.0;57.0;26.0;17.0;47.0;28.0;25.0;38.0;27.0;35.0;56.0;24.0;20.0;38.0;26.0;36.0;1;X;X;1;2;1;2;1;2;1;2;X;1;10000000;19859;968;234;1;58;1951;8194;11814143;5.0;1XX12121212X1;689131
2024-07-20;4857;29;37.0;26.0;37.0;49.0;25.0;26.0;65.0;19.0;16.0;23.0;22.0;55.0;43.0;27.0;30.0;65.0;21.0;14.0;55.0;24.0;21.0;25.0;24.0;51.0;38.0;25.0;37.0;40.0;26.0;34.0;32.0;25.0;43.0;21.0;21.0;58.0;56.0;23.0;21.0;2;X;2;X;2;1;1;1;X;1;X;2;1;1419172;8724;433;87;2;122;1964;20167;10916714;;2X2X2111X1X21;299198
2024-07-27;4858;30;45.0;26.0;29.0;75.0;15.0;10.0;30.0;27.0;43.0;47.0;27.0;26.0;26.0;22.0;52.0;48.0;25.0;27.0;37.0;27.0;36.0;39.0;26.0;35.0;38.0;27.0;35.0;62.0;22.0;16.0;34.0;28.0;38.0;66.0;21.0;13.0;45.0;25.0;30.0;2;2;1;X;X;X;2;X;1;1;X;1;2;0;85375;1817;336;0;14;526;5913;12258985;;221XXX2X11X12;823041
2024-08-03;4859;31;59.0;22.0;19.0;56.0;23.0;21.0;33.0;27.0;40.0;67.0;20.0;13.0;43.0;27.0;30.0;47.0;26.0;27.0;36.0;28.0;36.0;35.0;28.0;37.0;42.0;26.0;32.0;52.0;27.0;21.0;53.0;24.0;23.0;30.0;26.0;44.0;43.0;28.0;29.0;1;1;2;1;X;2;2;1;1;X;2;1;2;100610;1021;91;33;68;1342;12009;67288;14054519;6.0;1121X2211X212;125931
2024-08-10;4860;32;59.0;20.0;21.0;49.0;26.0;25.0;29.0;23.0;48.0;41.0;26.0;33.0;47.0;26.0;27.0;34.0;27.0;39.0;30.0;28.0;42.0;30.0;28.0;42.0;27.0;27.0;46.0;44.0;27.0;29.0;54.0;26.0;20.0;39.0;28.0;33.0;47.0;26.0;27.0;X;X;X;2;1;2;1;1;2;2;1;2;1;235146;3497;216;58;14;353;4555;35056;12661750;;XXX2121122121;409144
2024-08-17;4861;33;39.0;25.0;36.0;80.0;14.0;6.0;38.0;28.0;34.0;71.0;17.0;12.0;40.0;27.0;33.0;49.0;27.0;24.0;60.0;22.0;18.0;50.0;25.0;25.0;33.0;26.0;41.0;53.0;25.0;22.0;52.0;25.0;23.0;37.0;27.0;36.0;54.0;24.0;22.0;2;1;2;1;X;1;1;X;X;X;1;1;1;28007;433;33;0;201;4873;50957;299716;21652218;;2121X11XXX111;12233
2024-08-24;4862;34;23.0;25.0;52.0;43.0;26.0;31.0;51.0;25.0;24.0;86.0;9.0;5.0;65.0;20.0;15.0;39.0;27.0;34.0;53.0;26.0;21.0;33.0;30.0;37.0;62.0;24.0;14.0;29.0;28.0;43.0;39.0;30.0;31.0;29.0;29.0;42.0;50.0;27.0;23.0;2;2;1;1;1;2;1;X;X;1;2;1;1;54296;628;47;15;197;4280;45624;283311;27607583;10.0;2211121XX1211;20650
2024-08-31;4863;35;14.0;18.0;68.0;36.0;27.0;37.0;52.0;24.0;24.0;34.0;28.0;38.0;21.0;25.0;54.0;47.0;26.0;27.0;38.0;27.0;35.0;41.0;27.0;32.0;68.0;20.0;12.0;40.0;28.0;32.0;30.0;27.0;43.0;26.0;27.0;47.0;54.0;27.0;19.0;2;2;1;X;2;X;1;1;1;1;2;2;1;7687;95;0;0;1691;29032;214601;902674;28485160;13.0;221X2X1111221;319
2024-09-07;4864;36;74.0;16.0;10.0;77.0;15.0;8.0;16.0;23.0;61.0;53.0;26.0;21.0;55.0;26.0;19.0;29.0;27.0;44.0;53.0;26.0;21.0;56.0;25.0;19.0;53.0;24.0;23.0;39.0;27.0;34.0;64.0;21.0;15.0;49.0;26.0;25.0;33.0;28.0;39.0;1;1;2;1;2;1;1;1;1;X;1;1;2;5090;44;0;0;2277;39744;278529;1053339;18234522;10.0;112121111X112;461
2024-09-14;4865;37;27.0;24.0;49.0;64.0;21.0;15.0;59.0;23.0;18.0;80.0;13.0;7.0;72.0;17.0;11.0;39.0;28.0;33.0;47.0;27.0;26.0;40.0;29.0;31.0;66.0;20.0;14.0;22.0;25.0;53.0;44.0;27.0;29.0;41.0;26.0;33.0;36.0;26.0;38.0;2;1;X;2;X;X;1;1;X;1;X;1;X;0;63117;2302;396;0;43;943;11397;27836389;13.0;21X2XX11X1X1X;992803
2024-09-21;4866;38;34.0;26.0;40.0;62.0;21.0;17.0;34.0;26.0;40.0;74.0;16.0;10.0;40.0;27.0;33.0;43.0;27.0;30.0;64.0;20.0;16.0;57.0;25.0;18.0;18.0;24.0;58.0;53.0;25.0;22.0;53.0;26.0;21.0;61.0;22.0;17.0;66.0;20.0;14.0;X;1;1;1;X;X;1;1;2;2;1;1;1;20379;113;0;0;982;27822;253560;1159616;32268185;20.0;X111XX1122111;1536
2024-09-28;4867;39;14.0;17.0;69.0;55.0;23.0;22.0;83.0;12.0;5.0;42.0;27.0;31.0;35.0;28.0;37.0;43.0;28.0;29.0;47.0;27.0;26.0;51.0;27.0;22.0;56.0;23.0;21.0;60.0;22.0;18.0;27.0;27.0;46.0;22.0;25.0;53.0;35.0;27.0;38.0;2;1;1;X;1;2;1;1;1;1;X;X;1;14311;141;0;0;1102;21228;172624;799500;30809431;15.0;211X121111XX1;4587
2024-10-05;4868;40;28.0;26.0;46.0;49.0;25.0;26.0;31.0;26.0;43.0;79.0;14.0;7.0;54.0;24.0;22.0;49.0;26.0;25.0;40.0;29.0;31.0;26.0;26.0;48.0;48.0;27.0;25.0;44.0;28.0;28.0;28.0;26.0;46.0;51.0;28.0;21.0;40.0;26.0;34.0;X;1;1;1;1;2;1;1;1;X;1;X;1;409712;3046;189;51;37;954;12252;94821;29806569;15.0;X11112111X1X1;140465
2024-10-12;4869;41;36.0;31.0;33.0;45.0;26.0;29.0;43.0;26.0;31.0;36.0;29.0;35.0;54.0;25.0;21.0;45.0;27.0;28.0;44.0;27.0;29.0;42.0;28.0;30.0;34.0;28.0;38.0;52.0;26.0;22.0;42.0;27.0;31.0;34.0;28.0;38.0;51.0;25.0;24.0;1;2;1;1;2;X;2;X;1;2;2;2;1;97048;1188;84;27;42;1286;14437;93876;15677067;;12112X2X12221;950132
2024-10-19;4870;42;20.0;24.0;56.0;59.0;22.0;19.0;48.0;25.0;27.0;40.0;27.0;33.0;40.0;28.0;32.0;41.0;27.0;32.0;48.0;27.0;25.0;56.0;23.0;21.0;49.0;28.0;23.0;52.0;26.0;22.0;34.0;31.0;35.0;38.0;27.0;35.0;39.0;26.0;35.0;1;1;2;2;2;2;1;2;X;2;2;X;X;3309813;73010;3064;571;2;34;648;7238;25460100;;11222212X22XX;1139162
2024-10-26;4871;43;35.0;28.0;37.0;52.0;25.0;23.0;55.0;24.0;21.0;62.0;22.0;16.0;88.0;9.0;3.0;56.0;25.0;19.0;40.0;27.0;33.0;37.0;27.0;36.0;52.0;26.0;22.0;62.0;22.0;16.0;40.0;29.0;31.0;56.0;26.0;18.0;36.0;28.0;36.0;X;X;1;X;1;X;X;X;1;1;2;X;X;320754;1850;132;40;106;2834;31747;213372;53788294;34.0;XX1X1XXX112XX;256268
2024-11-02;4872;44;36.0;28.0;36.0;16.0;22.0;62.0;45.0;26.0;29.0;68.0;18.0;14.0;43.0;27.0;30.0;37.0;27.0;36.0;36.0;29.0;35.0;57.0;23.0;20.0;82.0;12.0;6.0;57.0;23.0;20.0;36.0;31.0;33.0;27.0;28.0;45.0;48.0;28.0;24.0;X;1;X;1;1;1;1;X;1;2;2;X;2;742957;13204;727;172;10;211;3062;26962;28575276;;X1X1111X122X2;464881
2024-11-09;4873;45;65.0;18.999999999999993;16.000000000000004;22.0;24.000000000000004;54.0;39.0;29.000000000000004;31.999999999999996;41.0;26.000000000000007;32.99999999999999;45.0;28.999999999999996;26.0;49.0;25.0;26.0;54.0;25.0;20.999999999999996;76.0;15.000000000000002;8.999999999999996;46.0;27.999999999999996;26.0;34.0;26.999999999999996;39.0;46.0;28.999999999999996;25.0;39.0;27.0;34.0;42.0;26.999999999999996;31.000000000000007;1;1;2;1;X;1;X;1;2;1;X;1;1;254901;2190;155;47;51;1391;15722;107869;31246607;13.0;1121X1X121X11;114547
2024-11-16;4874;46;56.99999999999999;24.00000000000001;18.999999999999993;70.0;19.000000000000007;10.999999999999998;28.000000000000004;28.999999999999993;43.00000000000001;38.0;30.999999999999993;31.000000000000007;53.0;26.0;20.999999999999996;38.0;29.000000000000004;32.99999999999999;60.0;21.999999999999996;18.000000000000004;49.0;26.0;25.0;27.0;24.0;49.0;40.0;28.000000000000004;31.999999999999996;34.0;31.0;35.0;37.0;28.000000000000004;35.0;32.0;27.999999999999996;40.0;1;1;X;X;X;2;X;X;X;1;2;1;X;1459875;7972;410;100;3;206;3202;27266;16844718;;11XXX2XXX121X;458156
2024-11-23;4875;47;64.0;19.999999999999996;16.000000000000004;70.0;19.000000000000007;10.999999999999998;57.99999999999999;24.0;18.000000000000004;41.0;27.000000000000007;31.999999999999996;40.0;28.999999999999993;31.000000000000007;60.0;21.999999999999996;18.000000000000004;56.00000000000001;25.0;18.999999999999993;46.0;26.999999999999996;27.0;40.0;29.999999999999993;30.000000000000004;17.0;23.999999999999996;59.00000000000001;41.0;30.0;29.000000000000004;38.0;29.000000000000004;32.99999999999999;51.0;26.0;23.0;2;1;X;2;X;2;1;1;X;2;X;X;X;1112278;5779;288;71;6;433;6944;58198;25667973;;21X2X211X2XXX;437812
2024-11-30;4876;48;15.0;21.0;64.0;31.0;27.999999999999996;41.0;56.99999999999999;22.000000000000007;20.999999999999996;56.99999999999999;24.00000000000001;18.999999999999993;35.0;26.0;39.0;62.0;21.999999999999996;16.000000000000004;55.00000000000001;25.0;19.999999999999996;40.0;28.000000000000004;31.999999999999996;30.0;27.999999999999996;42.00000000000001;33.0;27.999999999999996;39.0;53.0;27.0;19.999999999999996;31.0;28.999999999999996;40.0;37.0;29.000000000000004;34.0;2;X;1;1;2;1;X;1;X;2;X;X;2;43372;643;48;16;152;3842;40941;249332;25356229;;2X1121X1X2XX2;36646
2024-12-07;4877;49;56.99999999999999;25.0;18.000000000000004;67.0;18.999999999999993;14.000000000000002;36.0;26.0;38.0;17.0;23.0;60.0;44.0;25.999999999999996;30.000000000000004;35.0;28.000000000000004;37.0;43.0;28.999999999999996;28.000000000000004;36.0;31.000000000000007;32.99999999999999;38.0;28.000000000000004;34.0;31.0;30.0;39.0;32.0;27.999999999999996;40.0;26.0;24.0;50.0;28.000000000000004;26.0;46.0;2;1;1;X;1;2;X;2;2;1;1;2;2;1285149;8196;422;103;5;294;4562;38930;24714405;;211X12X221122;220297
2024-12-14;4878;50;36.0;28.000000000000004;36.0;77.0;16.000000000000004;6.999999999999995;73.0;16.000000000000004;10.999999999999998;71.0;18.000000000000004;10.999999999999998;52.0;24.0;24.0;40.0;28.999999999999993;31.000000000000007;57.99999999999999;25.0;17.000000000000004;31.0;30.0;39.0;71.0;20.000000000000007;8.999999999999996;40.0;28.000000000000004;31.999999999999996;34.0;28.999999999999996;37.0;31.0;25.999999999999996;43.00000000000001;40.0;25.0;35.0;1;X;X;1;2;1;1;2;1;X;2;2;2;147448;1655;104;30;43;1436;18216;131350;24385674;;1XX121121X222;172050
2024-12-21;4879;51;17.0;23.999999999999996;59.00000000000001;42.0;26.999999999999996;31.000000000000007;32.0;25.999999999999996;42.00000000000001;21.0;23.0;56.00000000000001;56.99999999999999;26.0;17.000000000000004;27.0;29.999999999999993;43.00000000000001;83.0;12.0;5.000000000000004;43.0;28.999999999999996;28.000000000000004;15.0;21.0;64.0;38.0;30.000000000000004;31.999999999999996;50.0;27.0;23.0;48.0;26.0;26.0;28.999999999999996;27.999999999999996;43.00000000000001;2;2;X;2;1;2;1;1;X;1;1;X;2;13888;247;20;0;483;10155;96977;521298;25800014;;22X21211X11X2;10746
2024-12-26;4880;52;87.0;8.999999999999996;4.0000000000000036;65.0;19.999999999999996;15.000000000000002;21.0;23.0;56.00000000000001;51.0;24.0;25.0;36.0;26.0;38.0;28.999999999999996;25.000000000000007;46.0;48.0;27.0;25.0;34.0;27.999999999999996;38.0;37.0;28.000000000000004;35.0;30.0;28.999999999999996;41.0;42.0;30.0;28.000000000000004;41.0;28.999999999999996;30.000000000000004;42.0;30.0;28.000000000000004;1;2;1;1;1;2;X;X;1;1;1;1;2;540540;3548;195;50;37;1111;16107;130509;40439123;20.0;121112XX11112;262843
2024-12-29;4881;52;13.0;19.0;68.0;63.0;18.999999999999993;18.000000000000004;35.0;31.000000000000007;34.0;62.0;21.999999999999996;16.000000000000004;39.0;27.0;34.0;56.00000000000001;24.0;19.999999999999996;53.0;27.0;19.999999999999996;47.0;27.0;26.0;15.0;23.0;62.0;43.0;27.999999999999996;29.000000000000004;50.0;25.0;25.0;30.0;27.999999999999996;42.00000000000001;41.0;27.999999999999996;31.000000000000007;2;X;2;1;X;1;X;2;2;X;1;1;1;311111;1852;100;26;45;1647;24293;194743;31287030;14.0;2X21X1X22X111;62681
2025-01-04;4882;1;21.0;24.000000000000004;55.00000000000001;23.0;24.999999999999996;52.0;74.0;16.000000000000004;9.999999999999998;71.0;18.000000000000004;10.999999999999998;55.00000000000001;25.0;19.999999999999996;34.0;26.999999999999996;39.0;46.0;28.999999999999996;25.0;16.0;23.0;61.0;59.0;22.000000000000007;18.999999999999993;40.0;26.0;34.0;53.0;25.0;21.999999999999996;43.0;27.999999999999996;29.000000000000004;30.0;28.999999999999996;41.0;X;X;1;1;1;2;1;X;X;1;X;X;2;58414;927;71;23;121;2857;29601;187289;27185342;;XX11121XX1XX2;149363
2025-01-11;4883;2;67.0;19.999999999999996;13.0;78.0;14.000000000000002;7.9999999999999964;18.0;23.0;59.00000000000001;68.0;20.999999999999996;10.999999999999998;50.0;24.0;26.0;59.0;23.0;18.000000000000004;49.0;24.0;27.0;18.0;22.000000000000004;60.0;30.0;28.999999999999996;41.0;31.0;26.999999999999996;42.00000000000001;44.0;28.999999999999996;27.0;21.0;24.000000000000004;55.00000000000001;21.0;24.000000000000004;55.00000000000001;1;2;2;1;X;X;1;X;2;1;X;2;2;488396;2575;128;34;10;711;11404;89410;18784479;;1221XX1X21X22;114953
2025-01-18;4884;3;66.0;19.999999999999996;14.000000000000002;15.0;19.000000000000004;65.99999999999999;25.0;25.0;50.0;39.0;27.0;34.0;46.0;27.999999999999996;26.0;40.0;26.0;34.0;45.0;26.999999999999996;28.000000000000004;33.0;30.0;37.0;20.0;23.0;57.00000000000001;44.0;26.999999999999996;29.000000000000004;57.99999999999999;25.0;17.000000000000004;28.999999999999996;26.000000000000007;44.99999999999999;39.0;28.000000000000004;32.99999999999999;X;2;2;2;1;2;X;1;1;1;X;2;1;580194;6168;316;78;11;388;6050;51091;24546703;;X22212X111X21;243217
2025-01-25;4885;4;52.0;23.0;25.0;88.0;7.9999999999999964;4.0000000000000036;13.0;20.0;67.0;57.99999999999999;25.0;17.000000000000004;14.000000000000002;20.0;65.99999999999999;46.0;25.999999999999996;28.000000000000004;44.0;28.999999999999996;27.0;42.0;27.999999999999996;30.000000000000004;55.00000000000001;25.0;19.999999999999996;28.000000000000004;27.0;44.99999999999999;38.0;25.0;37.0;73.0;17.000000000000004;9.999999999999998;60.0;23.0;17.000000000000004;1;1;2;2;2;1;1;1;1;1;2;X;1;42207;413;29;0;308;7714;86051;536984;32699314;13.0;11222111112X1;8067
2025-02-01;4886;5;27.0;27.0;46.0;21.0;24.000000000000004;55.00000000000001;56.99999999999999;25.0;18.000000000000004;57.99999999999999;23.00000000000001;18.999999999999993;51.0;26.0;23.0;26.0;29.000000000000004;44.99999999999999;49.0;27.0;24.0;41.0;31.0;28.000000000000004;80.0;13.99999999999999;6.000000000000005;18.0;25.0;57.00000000000001;46.0;28.999999999999996;25.0;39.0;28.000000000000004;32.99999999999999;40.0;28.000000000000004;31.999999999999996;1;2;1;2;2;2;2;1;1;X;X;2;2;382849;3220;198;54;36;986;12791;96412;32572906;13.0;121222211XX22;247049
2025-02-08;4887;6;31.0;25.000000000000007;43.99999999999999;15.0;19.000000000000004;65.99999999999999;36.0;28.000000000000004;36.0;34.0;27.999999999999996;38.0;56.00000000000001;25.0;18.999999999999993;9.0;16.0;75.0;43.0;27.999999999999996;29.000000000000004;44.0;27.999999999999996;28.000000000000004;54.0;26.0;19.999999999999996;61.0;23.0;16.000000000000004;28.000000000000004;27.0;44.99999999999999;55.00000000000001;26.0;18.999999999999993;56.00000000000001;25.99999999999999;18.000000000000004;1;2;2;2;2;2;X;X;X;1;X;X;2;770573;7362;419;100;8;314;4407;38168;23709944;;122222XXX1XX2;334500
2025-02-15;4888;7;50.0;28.000000000000004;21.999999999999996;55.00000000000001;23.0;21.999999999999996;69.0;19.000000000000007;12.0;42.0;30.0;28.000000000000004;41.0;26.000000000000007;32.99999999999999;17.0;22.0;61.0;59.0;24.0;17.000000000000004;37.0;26.0;37.0;32.0;26.999999999999996;41.0;56.99999999999999;23.00000000000001;19.999999999999996;38.0;27.0;35.0;38.0;27.0;35.0;42.0;26.000000000000007;31.999999999999996;2;1;X;1;2;2;1;X;2;2;X;2;1;1857142;8963;447;100;7;331;5302;49321;30431414;13.0;21X1221X22X21;258042
2025-02-22;4889;8;34.0;27.999999999999996;38.0;74.0;18.000000000000004;7.9999999999999964;25.0;24.0;51.0;48.0;27.0;25.0;60.0;23.0;17.000000000000004;18.0;22.000000000000004;60.0;51.0;27.0;21.999999999999996;59.0;23.0;18.000000000000004;42.0;26.999999999999996;31.000000000000007;39.0;28.000000000000004;32.99999999999999;59.0;25.0;16.000000000000004;48.0;27.0;25.0;45.0;26.999999999999996;28.000000000000004;1;2;2;2;2;2;1;1;1;1;1;1;1;151133;1579;85;20;46;1651;24366;207053;26738951;;1222221111111;52384
2025-03-01;4890;9;91.0;6.999999999999995;2.0000000000000018;52.0;24.0;24.0;44.0;28.999999999999996;27.0;55.00000000000001;25.0;19.999999999999996;33.0;28.999999999999996;38.0;41.0;27.000000000000007;31.999999999999996;51.0;25.0;24.0;27.0;27.0;46.0;45.0;26.999999999999996;28.000000000000004;44.0;28.999999999999996;27.0;50.0;26.0;24.0;32.0;27.999999999999996;40.0;49.0;27.0;24.0;1;X;1;1;2;X;1;2;X;2;1;2;2;34034;513;39;0;186;4619;48288;294663;24348053;;1X112X12X2122;37060
2025-03-08;4891;10;36.0;31.000000000000007;32.99999999999999;42.0;24.000000000000004;34.0;88.0;7.9999999999999964;4.0000000000000036;47.0;27.0;26.0;64.0;21.999999999999996;14.000000000000002;51.0;27.0;21.999999999999996;61.0;25.0;14.000000000000002;35.0;31.000000000000007;34.0;26.0;28.000000000000004;46.0;57.99999999999999;25.0;17.000000000000004;32.0;25.999999999999996;42.00000000000001;62.0;23.0;15.000000000000002;56.99999999999999;25.0;18.000000000000004;X;2;1;1;1;X;1;1;2;1;1;1;1;4506;65;0;0;2663;43631;314616;1285370;29525014;12.0;X2111X1121111;529
2025-03-15;4892;11;55.0;23.0;21.999999999999996;57.99999999999999;22.000000000000007;19.999999999999996;44.0;30.0;26.0;26.0;27.0;47.0;26.0;27.0;47.0;51.0;27.0;21.999999999999996;41.0;26.000000000000007;32.99999999999999;34.0;28.999999999999996;37.0;35.0;30.000000000000004;35.0;34.0;28.999999999999996;37.0;46.0;27.999999999999996;26.0;24.0;29.000000000000004;47.0;54.0;26.0;19.999999999999996;2;X;X;2;2;2;1;X;1;2;1;2;X;1278370;6602;366;91;12;468;6750;55989;31691077;15.0;2XX2221X1212X;506594
2025-03-22;4893;12;55.00000000000001;23.0;21.999999999999996;47.0;27.0;26.0;54.0;27.0;18.999999999999993;28.999999999999996;28.999999999999996;42.00000000000001;34.0;25.999999999999996;40.0;38.0;32.99999999999999;29.000000000000004;46.0;28.999999999999996;25.0;42.0;26.000000000000007;31.999999999999996;59.0;24.0;17.000000000000004;50.0;27.0;23.0;28.999999999999996;28.999999999999996;42.00000000000001;65.0;19.999999999999996;15.000000000000002;50.0;25.0;25.0;X;1;X;2;1;1;1;2;X;X;X;1;X;1188043;13500;682;156;4;132;2088;18972;18277597;;X1X21112XXX1X;446893
2025-03-29;4894;13;52.0;25.0;23.0;55.00000000000001;26.99999999999999;18.000000000000004;32.0;26.999999999999996;41.0;77.0;16.000000000000004;6.999999999999995;63.0;21.999999999999996;15.000000000000002;41.0;30.0;29.000000000000004;41.0;30.0;29.000000000000004;39.0;30.999999999999993;30.000000000000004;56.00000000000001;25.0;18.999999999999993;40.0;28.999999999999993;31.000000000000007;25.0;27.0;48.0;40.0;28.999999999999993;31.000000000000007;57.99999999999999;21.000000000000007;20.999999999999996;X;1;X;X;1;1;1;1;1;1;2;X;1;60416;524;34;0;94;4064;49459;298433;21843002;;X1XX1111112X1;44048
2025-04-05;4895;14;47.0;26.0;27.0;36.0;27.0;37.0;32.0;27.999999999999996;40.0;30.0;26.000000000000007;43.99999999999999;53.0;27.0;19.999999999999996;39.0;31.999999999999996;29.000000000000004;22.0;28.000000000000004;50.0;23.0;26.0;51.0;41.0;27.999999999999996;31.000000000000007;44.0;28.999999999999996;27.0;50.0;27.0;23.0;47.0;28.000000000000004;25.0;27.0;23.0;50.0;1;1;2;X;1;1;1;1;X;X;2;1;1;909090;6855;401;103;22;488;6666;53670;34312413;20.0;112X1111XX211;666588
2025-04-12;4896;15;64.0;20.999999999999996;15.000000000000002;73.0;17.000000000000004;9.999999999999998;47.0;29.000000000000004;24.0;18.0;22.000000000000004;60.0;40.0;28.000000000000004;31.999999999999996;51.0;27.0;21.999999999999996;27.0;27.0;46.0;47.0;28.000000000000004;25.0;30.0;26.999999999999996;43.00000000000001;59.0;24.0;17.000000000000004;57.99999999999999;24.0;18.000000000000004;53.0;26.0;20.999999999999996;60.0;21.999999999999996;18.000000000000004;X;X;2;2;2;2;1;X;X;2;2;1;1;10000000;56871;3179;629;1;42;601;6325;24498697;;XX22221XX2211;1065401
2025-04-19;4897;16;42.0;26.000000000000007;31.999999999999996;39.0;27.0;34.0;41.0;27.000000000000007;31.999999999999996;24.0;26.0;50.0;63.0;20.999999999999996;16.000000000000004;71.0;19.000000000000007;9.999999999999998;17.0;23.0;60.0;51.0;30.000000000000004;18.999999999999993;73.0;16.000000000000004;10.999999999999998;61.0;20.999999999999996;18.000000000000004;18.0;23.0;59.00000000000001;31.0;27.999999999999996;41.0;28.000000000000004;20.999999999999996;51.0;1;1;X;2;X;1;1;X;1;X;2;X;X;277449;3780;222;54;21;578;7844;66253;22409346;;11X2X11X1X2XX;233544
2025-04-26;4898;17;30.0;27.999999999999996;42.00000000000001;57.99999999999999;23.00000000000001;18.999999999999993;79.0;14.000000000000002;6.999999999999995;17.0;23.0;60.0;63.0;21.999999999999996;15.000000000000002;55.00000000000001;25.0;19.999999999999996;44.0;26.999999999999996;29.000000000000004;39.0;29.999999999999993;31.000000000000007;61.0;20.999999999999996;18.000000000000004;41.0;28.999999999999996;30.000000000000004;34.0;27.999999999999996;38.0;50.0;27.0;23.0;44.0;25.999999999999996;30.000000000000004;1;1;1;2;1;1;X;2;X;1;1;2;X;158536;1345;89;27;82;2132;25508;176803;29427341;13.0;111211X2X112X;42528
2025-05-03;4899;18;50.0;26.0;24.0;60.0;23.0;17.000000000000004;43.0;26.999999999999996;30.000000000000004;26.0;27.0;47.0;57.99999999999999;22.000000000000007;19.999999999999996;45.0;27.999999999999996;27.0;36.0;28.000000000000004;36.0;40.0;25.0;35.0;32.0;30.0;38.0;37.0;27.0;36.0;63.0;19.999999999999996;17.000000000000004;72.0;19.000000000000007;8.999999999999996;15.0;22.0;63.0;2;X;1;2;2;2;2;2;1;2;1;1;2;277286;3201;169;44;21;682;10327;82383;22396245;;2X12222212112;90231
2025-05-10;4900;19;39.0;26.0;35.0;52.0;27.0;20.999999999999996;8.0;13.0;79.0;18.0;22.000000000000004;60.0;34.0;27.999999999999996;38.0;44.0;27.999999999999996;28.000000000000004;54.0;26.0;19.999999999999996;37.0;25.0;38.0;39.0;28.000000000000004;32.99999999999999;59.0;24.0;17.000000000000004;33.0;24.999999999999993;42.00000000000001;55.00000000000001;20.999999999999996;24.0;41.0;27.999999999999996;31.000000000000007;2;2;X;2;2;2;X;1;X;1;2;1;X;1119407;12876;625;136;5;163;2684;25703;21527062;;22X222X1X121X;387271
2025-05-17;4901;20;22.0;24.000000000000004;54.0;70.0;19.000000000000007;10.999999999999998;59.0;21.000000000000007;19.999999999999996;49.0;23.0;28.000000000000004;19.0;21.999999999999996;59.00000000000001;74.0;17.000000000000004;8.999999999999996;20.0;23.0;57.00000000000001;38.0;27.0;35.0;42.0;26.999999999999996;31.000000000000007;31.0;25.999999999999996;43.00000000000001;42.0;26.000000000000007;31.999999999999996;21.0;20.0;59.00000000000001;41.0;25.000000000000007;34.0;1;1;2;2;X;1;2;1;1;1;2;1;1;159483;2506;170;50;28;668;7837;55492;17175184;;1122X12111211;223604
2025-05-25;4902;21;30.0;26.000000000000007;43.99999999999999;14.000000000000002;17.0;69.0;23.0;23.0;54.0;20.0;21.999999999999996;58.00000000000001;69.0;17.000000000000004;14.000000000000002;72.0;17.000000000000004;10.999999999999998;30.0;22.000000000000004;48.0;34.0;25.999999999999996;40.0;32.0;24.999999999999993;43.00000000000001;71.0;18.000000000000004;10.999999999999998;43.0;27.999999999999996;29.000000000000004;57.99999999999999;22.000000000000007;19.999999999999996;56.00000000000001;21.999999999999996;21.999999999999996;2;2;1;2;X;2;2;X;2;1;X;1;1;113496;1105;58;16;51;1964;29602;220694;22262729;;2212X22X21X11;63241
2025-05-31;4903;22;41.0;30.0;29.000000000000004;56.99999999999999;23.00000000000001;19.999999999999996;46.0;24.999999999999993;29.000000000000004;34.0;26.999999999999996;39.0;52.0;26.0;21.999999999999996;34.0;26.999999999999996;39.0;43.0;25.999999999999996;31.000000000000007;38.0;25.0;37.0;39.0;26.0;35.0;24.0;27.0;49.0;63.0;20.999999999999996;16.000000000000004;31.0;27.999999999999996;41.0;63.0;21.999999999999996;15.000000000000002;1;2;1;1;X;X;2;X;2;1;1;1;1;260573;3609;259;79;14;379;4215;28714;14030901;;1211XX2X21111;359217
2025-06-07;4904;23;10.0;18.000000000000004;72.0;64.0;23.0;13.0;24.0;29.000000000000004;47.0;37.0;31.999999999999996;31.000000000000007;71.0;18.000000000000004;10.999999999999998;50.0;27.0;23.0;38.0;29.000000000000004;32.99999999999999;39.0;28.000000000000004;32.99999999999999;49.0;28.000000000000004;23.0;23.0;23.0;54.0;34.0;25.999999999999996;40.0;52.0;21.999999999999996;26.0;37.0;25.0;38.0;2;1;X;X;1;1;1;2;2;2;1;1;X;26830;362;26;0;131;3632;39846;236060;13518199;;21XX11122211X;7722
2025-06-14;4905;24;28.999999999999996;27.000000000000007;43.99999999999999;41.0;24.000000000000004;35.0;56.99999999999999;22.000000000000007;20.999999999999996;52.0;23.0;25.0;57.99999999999999;21.000000000000007;20.999999999999996;41.0;27.999999999999996;31.000000000000007;22.0;27.0;51.0;16.0;22.0;62.0;61.0;20.999999999999996;18.000000000000004;73.0;17.000000000000004;9.999999999999998;63.0;20.999999999999996;16.000000000000004;21.0;23.0;56.00000000000001;70.0;18.000000000000004;12.0;2;1;X;2;1;2;2;X;1;1;1;2;1;21112;218;18;0;265;5821;54956;288242;13069783;5.0;21X2122X11121;4547
2025-06-22;4906;25;62.0;20.999999999999996;17.000000000000004;56.99999999999999;23.00000000000001;19.999999999999996;34.0;26.999999999999996;39.0;67.0;17.999999999999993;15.000000000000002;23.0;21.0;56.00000000000001;33.0;24.999999999999993;42.00000000000001;36.0;25.0;39.0;42.0;24.000000000000004;34.0;28.999999999999996;27.000000000000007;43.99999999999999;44.0;25.999999999999996;30.000000000000004;22.0;23.0;55.00000000000001;59.0;22.000000000000007;18.999999999999993;59.0;22.000000000000007;18.999999999999993;2;1;1;2;2;1;X;2;2;1;1;X;1;2773697;11361;559;127;2;113;1835;16736;13167519;5.0;211221X2211X1;462006
2025-06-28;4907;26;33.0;25.999999999999996;41.0;18.0;22.000000000000004;60.0;68.0;17.999999999999993;14.000000000000002;56.00000000000001;21.999999999999996;21.999999999999996;46.0;22.999999999999993;31.000000000000007;47.0;24.0;29.000000000000004;32.0;24.999999999999993;43.00000000000001;41.0;24.000000000000004;35.0;74.0;16.000000000000004;9.999999999999998;39.0;25.0;36.0;52.0;23.0;25.0;26.0;24.0;50.0;40.0;26.0;34.0;X;X;X;1;1;2;X;X;X;X;2;2;1;0;67608;1638;320;0;18;594;6328;12481557;;XXX112XXXX221;1128870
2025-07-05;4908;27;44.0;25.999999999999996;30.000000000000004;31.0;27.999999999999996;41.0;6.0;13.0;81.0;71.0;18.000000000000004;10.999999999999998;13.0;17.0;70.0;43.0;25.999999999999996;31.000000000000007;45.0;25.999999999999996;29.000000000000004;31.0;23.000000000000004;46.0;25.0;23.0;52.0;55.00000000000001;24.0;20.999999999999996;53.0;23.0;24.0;18.0;25.0;57.00000000000001;55.00000000000001;24.0;20.999999999999996;1;1;2;1;X;1;X;X;2;1;2;1;1;175448;1287;82;23;41;1150;14310;105438;15185251;6.0;1121X1XX21211;86316
2025-07-12;4909;28;30.0;27.999999999999996;42.00000000000001;15.0;17.0;68.0;73.0;16.000000000000004;10.999999999999998;75.0;15.000000000000002;9.999999999999998;40.0;27.0;32.99999999999999;71.0;18.000000000000004;10.999999999999998;64.0;21.999999999999996;14.000000000000002;32.0;30.0;38.0;61.0;23.0;16.000000000000004;55.00000000000001;23.0;21.999999999999996;35.0;27.0;38.0;60.0;21.999999999999996;18.000000000000004;21.0;24.000000000000004;55.00000000000001;1;1;1;1;1;1;1;2;1;1;1;1;1;6495;118;0;0;501;10285;75608;370599;12215644;;1111111211111;3711
2025-07-19;4910;29;45.0;25.999999999999996;29.000000000000004;25.0;26.0;49.0;35.0;26.0;39.0;67.0;17.999999999999993;15.000000000000002;31.0;24.000000000000004;44.99999999999999;28.999999999999996;25.000000000000007;46.0;38.0;28.000000000000004;34.0;44.0;26.999999999999996;29.000000000000004;38.0;28.000000000000004;34.0;28.000000000000004;24.0;48.0;62.0;19.999999999999996;18.000000000000004;46.0;25.999999999999996;28.000000000000004;38.0;25.0;37.0;X;2;2;1;2;X;X;X;1;X;1;1;2;145750;1108;78;25;44;1151;12959;83517;13088522;6.0;X2212XXX1X112;53919
2025-07-26;4911;30;45.0;23.000000000000004;31.999999999999996;57.99999999999999;22.000000000000007;19.999999999999996;77.0;15.000000000000002;7.9999999999999964;33.0;24.999999999999993;42.00000000000001;32.0;25.999999999999996;42.00000000000001;44.0;23.000000000000004;32.99999999999999;40.0;27.0;32.99999999999999;27.0;25.0;48.0;46.0;26.999999999999996;27.0;65.0;20.999999999999996;14.000000000000002;30.0;24.000000000000004;46.0;61.0;20.999999999999996;18.000000000000004;21.0;22.0;57.00000000000001;X;X;1;2;2;1;2;1;1;X;2;1;2;100495;1311;87;26;35;1006;12058;83901;13528269;;XX1221211X212;49753
2025-08-02;4912;31;22.0;24.000000000000004;54.0;53.0;24.0;23.0;34.0;25.999999999999996;40.0;39.0;29.000000000000004;31.999999999999996;40.0;25.0;35.0;39.0;23.0;38.0;56.00000000000001;24.0;19.999999999999996;39.0;26.0;35.0;37.0;26.0;37.0;50.0;24.0;26.0;45.0;25.999999999999996;29.000000000000004;46.0;23.999999999999993;30.000000000000004;42.0;26.999999999999996;31.000000000000007;X;2;X;2;2;2;X;1;1;1;1;2;1;10000000;14447;673;152;1;93;1595;14672;13780264;;X2X222X111121;582987
2025-08-09;4913;32;30.0;25.000000000000007;44.99999999999999;49.0;26.0;25.0;47.0;27.0;26.0;38.0;27.0;35.0;41.0;27.999999999999996;31.000000000000007;57.99999999999999;23.00000000000001;18.999999999999993;43.0;27.999999999999996;29.000000000000004;53.0;26.0;20.999999999999996;32.0;24.999999999999993;43.00000000000001;39.0;26.0;35.0;35.0;26.0;39.0;51.0;26.0;23.0;38.0;27.0;35.0;2;1;2;2;X;2;1;1;1;2;X;1;2;676133;6209;341;86;6;245;3566;29254;15603087;;2122X21112X12;179377
2025-08-16;4914;33;14.000000000000002;19.0;67.0;53.0;25.0;21.999999999999996;31.0;26.999999999999996;42.00000000000001;70.0;19.000000000000007;10.999999999999998;31.0;27.999999999999996;41.0;50.0;26.0;24.0;40.0;28.999999999999993;31.000000000000007;26.0;27.0;47.0;23.0;27.0;50.0;31.0;28.999999999999996;40.0;48.0;28.000000000000004;24.0;28.000000000000004;27.0;44.99999999999999;27.0;21.999999999999996;51.0;2;X;1;1;2;X;2;1;2;1;1;1;1;541666;3469;205;54;24;833;11255;88713;29644983;13.0;2X112X2121111;142617
2025-08-23;4915;34;77.0;15.000000000000002;7.9999999999999964;54.0;24.0;21.999999999999996;30.0;26.000000000000007;43.99999999999999;40.0;29.999999999999993;30.000000000000004;64.0;20.999999999999996;15.000000000000002;61.0;23.0;16.000000000000004;45.0;25.999999999999996;29.000000000000004;27.0;27.0;46.0;50.0;26.0;24.0;56.00000000000001;24.0;19.999999999999996;52.0;25.0;23.0;36.0;25.0;39.0;34.0;26.999999999999996;39.0;1;1;1;1;1;1;2;1;2;2;X;X;1;285598;4225;245;65;23;583;8026;63095;25264469;;1111112122XX1;141571
2025-08-30;4916;35;26.0;27.0;47.0;55.00000000000001;23.0;21.999999999999996;72.0;18.000000000000004;9.999999999999998;38.0;29.000000000000004;32.99999999999999;36.0;28.000000000000004;36.0;39.0;28.000000000000004;32.99999999999999;52.0;27.0;20.999999999999996;62.0;23.0;15.000000000000002;52.0;26.0;21.999999999999996;21.0;24.000000000000004;55.00000000000001;44.0;27.999999999999996;28.000000000000004;31.0;26.999999999999996;42.00000000000001;38.0;26.0;36.0;X;2;1;2;1;2;1;X;2;X;1;X;1;1392774;15271;839;199;5;171;2488;21816;26784124;;X212121X2X1X1;536423
2025-09-06;4917;36;38.0;30.000000000000004;31.999999999999996;61.0;23.0;16.000000000000004;42.0;26.999999999999996;31.000000000000007;62.0;20.999999999999996;17.000000000000004;41.0;28.999999999999996;30.000000000000004;32.0;26.999999999999996;41.0;42.0;27.999999999999996;30.000000000000004;41.0;27.000000000000007;31.999999999999996;46.0;26.999999999999996;27.0;44.0;26.999999999999996;29.000000000000004;49.0;26.0;25.0;42.0;26.999999999999996;31.000000000000007;34.0;27.999999999999996;38.0;X;1;1;1;X;1;2;1;1;2;1;1;1;49364;787;55;18;91;2140;24370;154690;17277465;;X111X12112111;10395
2025-09-13;4918;37;22.0;24.000000000000004;54.0;28.999999999999996;26.000000000000007;44.99999999999999;39.0;29.000000000000004;31.999999999999996;67.0;19.999999999999996;13.0;51.0;26.0;23.0;40.0;27.0;32.99999999999999;59.0;24.0;17.000000000000004;27.0;27.0;46.0;30.0;30.0;40.0;53.0;26.0;20.999999999999996;39.0;29.999999999999993;31.000000000000007;51.0;29.000000000000004;19.999999999999996;51.0;26.0;23.0;X;2;X;1;1;1;X;2;1;X;2;2;2;353834;5468;339;88;19;461;5937;47460;25857119;;X2X111X21X222;489553
2025-09-20;4919;38;47.0;27.0;26.0;35.0;26.0;39.0;43.0;25.000000000000007;31.999999999999996;34.0;27.999999999999996;38.0;37.0;29.000000000000004;34.0;28.000000000000004;28.000000000000004;43.99999999999999;23.0;28.000000000000004;49.0;42.0;30.0;28.000000000000004;31.0;25.999999999999996;43.00000000000001;52.0;24.0;24.0;60.0;23.0;17.000000000000004;50.0;27.0;23.0;49.0;26.0;25.0;1;1;X;2;2;X;X;2;1;2;2;2;2;3319570;59278;3286;735;2;42;606;5645;25535155;;11X22XX212222;1478277
2025-09-27;4920;39;65.0;19.999999999999996;15.000000000000002;53.0;26.0;20.999999999999996;55.00000000000001;23.0;21.999999999999996;23.0;23.999999999999996;53.0;82.0;12.0;6.000000000000005;33.0;26.999999999999996;40.0;40.0;28.999999999999993;31.000000000000007;31.0;26.999999999999996;42.00000000000001;35.0;28.000000000000004;37.0;34.0;26.999999999999996;39.0;44.0;25.999999999999996;30.000000000000004;48.0;25.0;27.0;45.0;27.999999999999996;27.0;X;2;2;1;1;X;1;2;X;X;X;X;1;4333333;26149;1255;274;3;123;2049;19547;32989083;13.0;X2211X12XXXX1;823242
2025-10-04;4921;40;31.0;25.999999999999996;43.00000000000001;77.0;15.000000000000002;7.9999999999999964;64.0;20.999999999999996;15.000000000000002;51.0;24.0;25.0;28.000000000000004;28.999999999999993;43.00000000000001;36.0;28.000000000000004;36.0;32.0;27.999999999999996;40.0;39.0;29.000000000000004;31.999999999999996;37.0;29.000000000000004;34.0;50.0;26.0;24.0;42.0;26.000000000000007;31.999999999999996;36.0;28.000000000000004;36.0;34.0;27.999999999999996;38.0;1;1;1;2;X;1;1;1;2;1;2;X;1;150950;2787;213;64;49;995;10389;71642;28448358;;1112X111212X1;86289
2025-10-11;4922;41;39.0;29.999999999999993;31.000000000000007;22.0;23.0;55.00000000000001;39.0;26.0;35.0;41.0;27.999999999999996;31.000000000000007;56.00000000000001;23.0;20.999999999999996;35.0;27.0;38.0;38.0;27.0;35.0;45.0;24.999999999999993;30.000000000000004;34.0;26.999999999999996;39.0;53.0;25.0;21.999999999999996;51.0;25.0;24.0;28.999999999999996;28.999999999999996;42.00000000000001;28.999999999999996;27.999999999999996;43.00000000000001;X;1;X;1;1;2;2;1;X;1;2;1;2;258770;3927;280;81;17;420;4706;33548;16919622;;X1X11221X1212;247770
2025-10-18;4923;42;16.0;23.0;61.0;39.0;26.0;35.0;68.0;19.999999999999996;12.0;30.0;27.999999999999996;42.00000000000001;44.0;27.999999999999996;28.000000000000004;39.0;30.999999999999993;30.000000000000004;52.0;27.0;20.999999999999996;57.99999999999999;26.0;16.000000000000004;61.0;23.0;16.000000000000004;37.0;29.000000000000004;34.0;47.0;29.000000000000004;24.0;47.0;29.000000000000004;24.0;53.0;27.0;19.999999999999996;2;1;1;1;X;1;2;1;1;2;1;1;1;11100;168;0;0;615;15192;140595;689968;26257496;;2111X12112111;2153
2025-10-25;4924;43;22.0;22.0;56.00000000000001;47.0;24.0;29.000000000000004;69.0;19.000000000000007;12.0;60.0;23.0;17.000000000000004;34.0;28.999999999999996;37.0;39.0;28.000000000000004;32.99999999999999;43.0;25.999999999999996;31.000000000000007;42.0;27.999999999999996;30.000000000000004;51.0;26.0;23.0;34.0;30.0;36.0;36.0;29.000000000000004;35.0;44.0;26.999999999999996;29.000000000000004;41.0;27.999999999999996;31.000000000000007;1;1;2;1;1;1;1;X;X;1;2;1;X;3777777;14213;754;171;9;395;5200;47631;50294107;34.0;1121111XX121X;518846
2025-11-01;4925;44;62.0;20.999999999999996;17.000000000000004;35.0;25.0;40.0;9.0;18.000000000000004;73.0;55.00000000000001;24.0;20.999999999999996;32.0;24.999999999999993;43.00000000000001;53.0;26.0;20.999999999999996;53.0;25.0;21.999999999999996;54.0;26.0;19.999999999999996;45.0;28.999999999999996;26.0;27.0;27.0;46.0;56.99999999999999;25.0;18.000000000000004;40.0;28.000000000000004;31.999999999999996;34.0;26.999999999999996;39.0;1;2;2;1;X;1;1;1;X;2;2;1;1;41436;364;27;0;362;9989;105477;596180;37309621;15.0;1221X111X2211;4186
2025-11-08;4926;45;71.0;18.000000000000004;10.999999999999998;11.0;20.0;69.0;44.0;28.999999999999996;27.0;48.0;27.0;25.0;44.0;26.999999999999996;29.000000000000004;34.0;25.999999999999996;40.0;49.0;25.0;26.0;68.0;18.999999999999993;13.0;32.0;26.999999999999996;41.0;26.0;28.000000000000004;46.0;57.99999999999999;24.0;18.000000000000004;41.0;27.999999999999996;31.000000000000007;38.0;28.000000000000004;34.0;1;X;1;1;1;2;X;1;2;2;1;1;1;9579;104;0;0;1879;32869;243652;1022469;35229308;18.0;1X1112X122111;5189
2025-11-15;4927;46;61.0;21.999999999999996;17.000000000000004;49.0;28.000000000000004;23.0;40.0;26.0;34.0;43.0;28.999999999999996;28.000000000000004;39.0;28.000000000000004;32.99999999999999;52.0;25.0;23.0;47.0;27.0;26.0;63.0;21.999999999999996;15.000000000000002;34.0;28.999999999999996;37.0;36.0;30.000000000000004;34.0;44.0;25.999999999999996;30.000000000000004;47.0;25.0;28.000000000000004;40.0;28.000000000000004;31.999999999999996;1;2;1;1;1;1;1;X;X;X;1;2;X;454207;3061;211;60;31;687;7946;57988;21568361;13.0;1211111XXX12X;160407
2025-11-22;4928;47;27.0;25.0;48.0;67.0;19.999999999999996;13.0;60.0;23.0;17.000000000000004;49.0;26.0;25.0;45.0;30.0;25.0;24.0;27.0;49.0;55.00000000000001;25.0;19.999999999999996;38.0;30.000000000000004;31.999999999999996;63.0;21.999999999999996;15.000000000000002;46.0;28.999999999999996;25.0;25.0;28.000000000000004;47.0;34.0;31.0;35.0;46.0;26.999999999999996;27.0;1;2;X;1;1;2;1;2;X;1;X;1;1;873992;8376;415;96;8;313;5045;45277;26892075;;12X11212X1X11;371746
2025-11-29;4929;48;47.0;26.0;27.0;34.0;27.999999999999996;38.0;77.0;15.000000000000002;7.9999999999999964;64.0;21.999999999999996;14.000000000000002;32.0;26.999999999999996;41.0;60.0;24.0;16.000000000000004;31.0;28.999999999999996;40.0;54.0;27.0;18.999999999999993;40.0;28.999999999999993;31.000000000000007;30.0;30.0;40.0;49.0;28.000000000000004;23.0;40.0;29.999999999999993;30.000000000000004;39.0;28.000000000000004;32.99999999999999;2;2;1;1;1;1;1;1;1;2;1;X;X;29259;383;27;0;232;6644;73035;426928;26108606;;22111111121XX;5234
2025-12-06;4930;49;22.0;23.0;55.00000000000001;32.0;25.999999999999996;42.00000000000001;75.0;16.000000000000004;8.999999999999996;43.0;26.999999999999996;30.000000000000004;44.0;28.999999999999996;27.0;75.0;17.000000000000004;7.9999999999999964;45.0;28.999999999999996;26.0;45.0;27.999999999999996;27.0;39.0;31.999999999999996;29.000000000000004;37.0;30.000000000000004;32.99999999999999;44.0;30.0;26.0;41.0;28.999999999999996;30.000000000000004;48.0;29.000000000000004;23.0;X;X;1;1;1;1;2;1;X;1;1;1;1;67988;432;34;0;353;8546;85150;478156;37886467;24.0;XX111121X1111;12823
2025-12-13;4931;50;83.0;12.0;5.000000000000004;24.0;27.0;49.0;56.00000000000001;23.0;20.999999999999996;59.0;24.0;17.000000000000004;59.0;25.0;16.000000000000004;59.0;23.0;18.000000000000004;28.000000000000004;28.000000000000004;43.99999999999999;53.0;26.0;20.999999999999996;47.0;28.000000000000004;25.0;37.0;29.000000000000004;34.0;42.0;27.999999999999996;30.000000000000004;41.0;26.000000000000007;32.99999999999999;44.0;27.999999999999996;28.000000000000004;1;2;1;1;X;1;1;1;2;1;X;1;2;106787;952;67;20;133;3168;35807;239650;30946860;14.0;1211X11121X12;14520
2025-12-20;4932;51;17.0;26.0;56.99999999999999;34.0;28.999999999999996;37.0;28.000000000000004;25.0;47.0;81.0;12.0;6.999999999999995;60.0;23.0;17.000000000000004;66.0;20.999999999999996;13.0;25.0;27.0;48.0;36.0;28.000000000000004;36.0;48.0;29.000000000000004;23.0;33.0;28.999999999999996;38.0;41.0;27.999999999999996;31.000000000000007;42.0;26.999999999999996;31.000000000000007;45.0;27.999999999999996;27.0;2;1;2;1;X;X;2;1;X;1;1;1;1;50092;748;55;18;145;3638;39294;247370;27936304;;2121XX21X1111;53694
2025-12-26;4933;52;52.0;25.0;23.0;68.0;19.999999999999996;12.0;79.0;14.000000000000002;6.999999999999995;34.0;27.999999999999996;38.0;21.0;28.000000000000004;51.0;42.0;26.000000000000007;31.999999999999996;13.0;23.0;64.0;31.0;30.0;39.0;47.0;29.000000000000004;24.0;32.0;30.0;38.0;54.0;26.0;19.999999999999996;51.0;27.0;21.999999999999996;37.0;31.999999999999996;31.000000000000007;2;1;1;2;X;1;2;X;X;1;1;X;X;111731;833;60;19;179;4398;48501;305923;37585028;20.0;2112X12XX11XX;43521
2026-01-04;4934;1;54.0;24.0;21.999999999999996;24.0;25.0;51.0;53.0;27.0;19.999999999999996;52.0;26.0;21.999999999999996;39.0;29.999999999999993;31.000000000000007;49.0;30.000000000000004;20.999999999999996;49.0;28.000000000000004;23.0;42.0;30.0;28.000000000000004;37.0;28.000000000000004;35.0;42.0;26.999999999999996;31.000000000000007;42.0;30.0;28.000000000000004;37.0;29.000000000000004;34.0;20.0;26.999999999999996;53.0;X;X;X;1;2;X;2;2;2;1;1;2;2;682027;8758;475;113;10;292;4302;37589;26231818;;XXX12X2221122;579310
2026-01-10;4935;2;12.0;19.0;69.0;37.0;28.000000000000004;35.0;54.0;23.0;23.0;57.99999999999999;24.0;18.000000000000004;42.0;27.999999999999996;30.000000000000004;30.0;26.999999999999996;43.00000000000001;23.0;24.999999999999996;52.0;20.0;26.999999999999996;53.0;56.99999999999999;25.0;18.000000000000004;43.0;26.999999999999996;30.000000000000004;55.00000000000001;26.0;18.999999999999993;24.0;26.0;50.0;28.999999999999996;27.000000000000007;43.99999999999999;2;2;X;1;1;1;2;2;1;X;2;X;1;94193;1136;73;22;58;1803;22200;152305;21012358;;22X111221X2X1;74685
2026-01-17;4936;3;16.0;23.0;61.0;57.99999999999999;24.0;18.000000000000004;42.0;30.0;28.000000000000004;80.0;13.99999999999999;6.000000000000005;56.00000000000001;24.0;19.999999999999996;36.0;30.000000000000004;34.0;28.000000000000004;28.000000000000004;43.99999999999999;32.0;26.999999999999996;41.0;41.0;30.0;29.000000000000004;57.99999999999999;23.00000000000001;18.999999999999993;44.0;27.999999999999996;28.000000000000004;32.0;30.0;38.0;46.0;26.999999999999996;27.0;X;1;1;X;2;1;1;X;2;2;X;X;2;0;138214;5077;973;0;18;392;4259;25516452;;X11X211X22XX2;1334447
2026-01-24;4937;4;25.0;23.0;52.0;26.0;28.000000000000004;46.0;38.0;28.000000000000004;34.0;81.0;12.99999999999999;6.000000000000005;35.0;30.000000000000004;35.0;50.0;28.000000000000004;21.999999999999996;43.0;28.999999999999996;28.000000000000004;52.0;27.0;20.999999999999996;47.0;28.000000000000004;25.0;32.0;26.999999999999996;41.0;44.0;25.999999999999996;30.000000000000004;36.0;31.000000000000007;32.99999999999999;48.0;27.0;25.0;1;X;1;1;X;X;1;2;2;1;X;X;2;3747668;32642;1718;359;4;96;1459;14535;32139988;14.0;1X11XX1221XX2;748777
2026-01-31;4938;5;53.0;24.0;23.0;65.0;20.999999999999996;14.000000000000002;15.0;23.0;62.0;54.0;25.0;20.999999999999996;30.0;26.000000000000007;43.99999999999999;39.0;29.000000000000004;31.999999999999996;65.0;21.999999999999996;13.0;55.00000000000001;25.0;19.999999999999996;38.0;29.000000000000004;32.99999999999999;28.000000000000004;28.999999999999993;43.00000000000001;31.0;30.0;39.0;28.000000000000004;28.000000000000004;43.99999999999999;46.0;28.999999999999996;25.0;1;1;2;X;2;2;X;1;X;2;1;1;2;425531;2614;153;40;47;1324;18008;142333;35503695;20.0;112X22X1X2112;92961
2026-02-07;4939;6;50.0;25.0;25.0;80.0;13.99999999999999;6.000000000000005;20.0;23.0;57.00000000000001;45.0;28.999999999999996;26.0;35.0;26.0;39.0;28.000000000000004;28.000000000000004;43.99999999999999;54.0;26.0;19.999999999999996;65.0;20.999999999999996;14.000000000000002;40.0;28.000000000000004;31.999999999999996;45.0;28.999999999999996;26.0;43.0;30.0;27.0;38.0;30.000000000000004;31.999999999999996;35.0;29.000000000000004;36.0;2;1;2;2;X;2;1;X;2;1;X;2;1;319290;4256;258;69;23;647;8529;65829;28244923;;2122X21X21X21;139679
2026-02-14;4940;7;61.0;20.999999999999996;18.000000000000004;44.0;26.999999999999996;29.000000000000004;55.00000000000001;24.0;20.999999999999996;65.0;20.999999999999996;14.000000000000002;40.0;28.000000000000004;31.999999999999996;25.0;28.000000000000004;47.0;45.0;30.0;25.0;27.0;27.0;46.0;33.0;28.999999999999996;38.0;42.0;30.0;28.000000000000004;45.0;26.999999999999996;28.000000000000004;48.0;26.0;26.0;38.0;27.0;35.0;1;2;X;2;1;2;1;2;X;2;1;1;X;452127;4190;231;57;13;526;7623;63966;22606395;;12X21212X211X;200969
2026-02-21;4941;8;66.0;18.999999999999993;15.000000000000002;36.0;26.0;38.0;54.0;25.0;20.999999999999996;79.0;14.000000000000002;6.999999999999995;49.0;25.0;26.0;67.0;19.999999999999996;13.0;54.0;26.0;19.999999999999996;37.0;27.0;36.0;63.0;21.999999999999996;15.000000000000002;46.0;27.999999999999996;26.0;27.0;28.000000000000004;44.99999999999999;28.999999999999996;27.999999999999996;43.00000000000001;32.0;28.999999999999996;39.0;1;X;X;X;2;X;2;2;X;1;1;2;1;3347371;38623;2047;450;2;65;981;9279;25749008;;1XXX2X22X1121;1083415
2026-02-28;4942;9;18.0;22.000000000000004;60.0;72.0;17.000000000000004;10.999999999999998;55.00000000000001;25.0;19.999999999999996;22.0;24.999999999999996;53.0;35.0;29.000000000000004;36.0;63.0;20.999999999999996;16.000000000000004;59.0;24.0;17.000000000000004;34.0;28.999999999999996;37.0;27.0;27.0;46.0;33.0;26.999999999999996;40.0;45.0;27.999999999999996;27.0;41.0;27.000000000000007;31.999999999999996;34.0;28.999999999999996;37.0;2;1;2;2;2;1;1;1;2;2;X;1;1;9420;109;0;0;1380;29306;245143;1091303;32821052;13.0;2122211122X11;2851
2026-03-07;4943;10;28.0;24.0;48.0;13.0;19.0;68.0;27.0;27.0;46.0;62.0;21.999999999999996;16.000000000000004;54.0;25.0;20.999999999999996;47.0;28.000000000000004;25.0;48.0;26.0;26.0;41.0;28.999999999999996;30.000000000000004;47.0;27.0;26.0;48.0;27.0;25.0;30.0;30.0;40.0;50.0;26.0;24.0;44.0;25.999999999999996;30.000000000000004;2;X;1;X;X;1;1;X;1;1;2;2;1;867069;5240;307;76;18;552;7516;63141;29668390;14.0;2X1XX11X11221;364773
