Datum;ID_Omg;M1-1;M1-X;M1-2;M2-1;M2-X;M2-2;M3-1;M3-X;M3-2;M4-1;M4-X;M4-2;M5-1;M5-X;M5-2;M6-1;M6-X;M6-2;M7-1;M7-X;M7-2;M8-1;M8-X;M8-2;M1;M2;M3;M4;M5;M6;M7;M8;8 rätt;Vinnande Rad Nr;Antal Vinnare;Omsättning;Extra Pengar;Correct_Row;True_Rank
2021-12-26;731;49.0;26.0;25.0;14;23.0;63.0;78.0;14;8.0;16;23.0;61.0;55;25.0;20.0;56;23.0;21.0;35;30;35.0;46;28.0;26.0;1;2;1;2;1;2;X;1;471;29;5577;3753658;;121212X1;31
2022-01-01;732;30.0;27.0;43.0;64;21.0;15.0;20.0;24;56.0;44;26.0;30.0;32;27.0;41.0;36;28.0;36.0;42;28;30.0;44;27.0;29.0;2;1;2;1;X;1;2;1;488;50;4034;2816711;;2121X121;53
2022-01-08;733;30.0;27.0;43.0;59;23.0;18.0;33.0;27;40.0;33;28.0;39.0;32;28.0;40.0;54;24.0;22.0;54;25;21.0;19;24.0;57.0;X;1;1;X;X;X;X;1;15126;4916;218;3996667;500000.0;X11XXXX1;4935
2022-01-15;734;31.0;27.0;42.0;33;28.0;39.0;42.0;30;28.0;48;25.0;27.0;25;28.0;47.0;35;30.0;35.0;28;29;43.0;64;21.0;15.0;X;1;1;X;1;X;1;1;8849;2523;370;3963564;500000.0;X11X1X11;2539
2022-01-22;735;9.0;15.0;76.0;51;25.0;24.0;48.0;26;26.0;31;31.0;38.0;40;29.0;31.0;61;23.0;16.0;54;26;20.0;40;28.0;32.0;X;1;2;2;1;2;1;2;8791;2747;399;4296972;500000.0;X1221212;2820
2022-01-29;736;19.0;25.0;56.0;39;28.0;33.0;40.0;28;32.0;25;29.0;46.0;46;27.0;27.0;50;27.0;23.0;25;27;48.0;64;21.0;15.0;2;1;X;1;1;X;2;1;988;248;3361;4031008;500000.0;21X11X21;245
2022-02-05;737;42.0;30.0;28.0;46;26.0;28.0;52.0;26;22.0;63;22.0;15.0;56;25.0;19.0;59;24.0;17.0;57;25;18.0;28;27.0;45.0;X;1;1;X;1;2;1;1;5454;1097;592;3898946;500000.0;X11X1211;1102
2022-02-12;738;6.0;16.0;78.0;44;28.0;28.0;36.0;30;34.0;26;30.0;44.0;26;27.0;47.0;33;30.0;37.0;27;27;46.0;40;29.0;31.0;2;1;X;2;1;1;2;X;2010;322;1150;3303241;;21X2112X;359
2022-02-19;739;76.0;16.0;8.0;67;21.0;12.0;17.0;25;58.0;60;23.0;17.0;47;26.0;27.0;55;26.0;19.0;26;27;47.0;33;30.0;37.0;2;1;2;2;1;2;1;1;23915;2798;139;4034683;500000.0;21221211;2788
2022-02-26;740;10.0;17.0;73.0;71;18.0;11.0;39.0;29;32.0;41;29.0;30.0;51;26.0;23.0;35;29.0;36.0;46;27;27.0;31;28.0;41.0;2;X;2;2;X;2;X;1;7764;2291;311;3449826;;2X22X2X1;2901
2022-03-05;741;74.0;17.0;9.0;41;28.0;31.0;12.0;23;65.0;36;30.0;34.0;33;30.0;37.0;41;31.0;28.0;52;26;22.0;27;28.0;45.0;1;1;2;1;2;2;1;1;928;106;3916;4480603;500000.0;11212211;104
2022-03-12;742;47.0;26.0;27.0;43;27.0;30.0;43.0;27;30.0;41;27.0;32.0;42;28.0;30.0;39;29.0;32.0;34;29;37.0;56;25.0;19.0;1;1;X;1;X;1;X;2;9574;2314;351;4086491;500000.0;11X1X1X2;2557
2022-03-19;743;13.0;21.0;66.0;30;28.0;42.0;34.0;27;39.0;32;28.0;40.0;34;28.0;38.0;42;29.0;29.0;49;27;24.0;45;27.0;28.0;2;X;2;2;1;1;X;X;4835;890;683;4003427;500000.0;2X2211XX;922
2022-03-26;744;52.0;28.0;20.0;51;27.0;22.0;41.0;31;28.0;14;25.0;61.0;81;14.0;5.0;84;12.0;4.0;52;25;23.0;55;25.0;20.0;1;1;X;X;1;1;1;2;394;142;4722;2662094;;11XX1112;149
2022-04-02;745;63.0;21.0;16.0;72;19.0;9.0;7.0;14;79.0;39;27.0;34.0;33;31.0;36.0;65;23.0;12.0;33;29;38.0;44;29.0;27.0;X;2;2;X;1;X;1;X;36896;3636;63;3320684;;X22X1X1X;3633
2022-04-09;746;29.0;27.0;44.0;61;24.0;15.0;21.0;26;53.0;35;28.0;37.0;60;25.0;15.0;40;28.0;32.0;49;26;25.0;36;29.0;35.0;2;2;2;2;X;2;2;1;8506;3157;371;4151417;250000.0;2222X221;3139
2022-04-16;747;42.0;27.0;31.0;81;13.0;6.0;23.0;26;51.0;33;30.0;37.0;30;31.0;39.0;36;31.0;33.0;45;29;26.0;59;24.0;17.0;2;1;1;2;2;1;2;X;3413;1642;817;3627341;250000.0;2112212X;1666
2022-04-23;748;24.0;26.0;50.0;87;9.0;4.0;34.0;28;38.0;27;29.0;44.0;39;28.0;33.0;46;27.0;27.0;29;27;44.0;30;29.0;41.0;X;1;X;2;X;X;X;X;3984;1929;702;3638864;250000.0;X1X2XXXX;1964
2022-04-30;749;10.0;16.0;74.0;68;20.0;12.0;40.0;28;32.0;37;29.0;34.0;35;31.0;34.0;31;29.0;40.0;55;25;20.0;50;27.0;23.0;2;1;2;2;2;2;1;1;255;16;9030;3299388;;21222211;20
2022-05-07;750;67.0;20.0;13.0;71;19.0;10.0;30.0;28;42.0;31;29.0;40.0;43;27.0;30.0;59;24.0;17.0;46;26;28.0;39;27.0;34.0;X;X;1;2;1;1;2;X;8674;3178;273;3382990;;XX12112X;3202
2022-05-14;751;26.0;27.0;47.0;41;31.0;28.0;44.0;28;28.0;17;22.0;61.0;48;24.0;28.0;35;25.0;40.0;69;18;13.0;45;25.0;30.0;X;2;1;1;1;1;X;1;12794;3454;197;3243468;250000.0;X21111X1;3467
2022-05-22;752;81.0;14.0;5.0;82;13.0;5.0;62.0;22;16.0;41;26.0;33.0;82;13.0;5.0;8;14.0;78.0;37;28;35.0;40;28.0;32.0;1;1;1;2;1;2;1;2;99;11;18850;2666725;;11121212;11
2022-05-28;753;46.0;26.0;28.0;68;20.0;12.0;54.0;24;22.0;35;30.0;35.0;40;28.0;32.0;28;26.0;46.0;53;26;21.0;54;26.0;20.0;2;1;1;2;2;1;X;X;4310;1435;434;2672439;;211221XX;1448
2022-06-04;754;37.0;30.0;33.0;10;22.0;68.0;35.0;31;34.0;29;31.0;40.0;32;30.0;38.0;37;27.0;36.0;40;25;35.0;20;25.0;55.0;X;1;X;2;1;2;2;2;11671;3010;143;2384361;;X1X21222;3021
2022-06-11;755;53.0;27.0;20.0;13;21.0;66.0;61.0;23;16.0;23;26.0;51.0;39;31.0;30.0;46;29.0;25.0;32;33;35.0;38;32.0;30.0;X;X;X;X;1;1;X;1;17556;4017;96;2407785;;XXXX11X1;4085
2022-06-18;756;62.0;20.0;18.0;64;20.0;16.0;55.0;24;21.0;49;24.0;27.0;54;23.0;23.0;13;19.0;68.0;38;26;36.0;41;26.0;33.0;1;1;2;X;1;2;X;2;1134;255;1347;2182313;;112X12X2;270
2022-06-26;757;50.0;25.0;25.0;15;21.0;64.0;27.0;28;45.0;11;19.0;70.0;33;25.0;42.0;13;19.0;68.0;25;23;52.0;35;27.0;38.0;X;X;X;2;1;2;X;1;3695;1475;430;2270186;;XXX212X1;1494
2022-07-02;758;26.0;28.0;46.0;62;23.0;15.0;41.0;25;34.0;24;24.0;52.0;29;25.0;46.0;21;23.0;56.0;7;12;81.0;29;24.0;47.0;X;2;2;X;1;X;2;1;32910;3265;48;2256746;;X22X1X21;3287
2022-07-09;759;36.0;27.0;37.0;24;23.0;53.0;26.0;25;49.0;60;22.0;18.0;51;24.0;25.0;22;27.0;51.0;56;24;20.0;58;23.0;19.0;X;X;X;1;X;2;2;1;5091;1885;301;2189195;;XXX1X221;1973
2022-07-16;760;66.0;20.0;14.0;21;26.0;53.0;11.0;17;72.0;5;10.0;85.0;39;27.0;34.0;23;24.0;53.0;67;20;13.0;57;25.0;18.0;1;X;2;2;2;2;1;X;281;46;5010;2014277;;1X22221X;46
2022-07-23;761;55.0;24.0;21.0;55;26.0;19.0;53.0;25;22.0;49;26.0;25.0;76;15.0;9.0;40;27.0;33.0;38;27;35.0;47;23.0;30.0;X;1;2;1;1;1;X;X;1288;940;1210;2227370;;X12111XX;973
2022-07-30;762;34.0;27.0;39.0;46;28.0;26.0;30.0;29;41.0;47;27.0;26.0;49;27.0;24.0;42;29.0;29.0;32;28;40.0;38;31.0;31.0;1;1;1;1;X;1;X;X;6074;1423;288;2499401;;1111X1XX;1310
2022-08-06;763;19.0;25.0;56.0;71;18.0;11.0;58.0;25;17.0;40;29.0;31.0;26;27.0;47.0;38;29.0;33.0;54;25;21.0;48;27.0;25.0;2;1;1;1;1;2;X;X;1758;393;1324;3326868;;211112XX;408
2022-08-13;764;25.0;28.0;47.0;65;20.0;15.0;90.0;8;2.0;39;30.0;31.0;42;28.0;30.0;41;29.0;30.0;41;28;31.0;40;28.0;32.0;1;1;1;X;X;X;X;2;2356;919;1140;3481183;250000.0;111XXXX2;900
2022-08-20;765;11.0;20.0;69.0;38;29.0;33.0;49.0;27;24.0;39;28.0;33.0;52;25.0;23.0;58;25.0;17.0;50;27;23.0;32;31.0;37.0;2;1;X;1;2;X;2;X;9988;2647;292;3809389;250000.0;21X12X2X;2612
2022-08-27;766;73.0;17.0;10.0;70;19.0;11.0;85.0;10;5.0;48;26.0;26.0;51;26.0;23.0;43;28.0;29.0;42;29;29.0;37;30.0;33.0;1;1;1;X;1;X;2;X;472;123;6788;4220655;250000.0;111X1X2X;138
2022-09-03;767;12.0;18.0;70.0;43;26.0;31.0;65.0;20;15.0;69;19.0;12.0;48;26.0;26.0;47;26.0;27.0;43;28;29.0;44;28.0;28.0;X;1;1;1;X;2;1;2;4650;890;593;3939953;;X111X212;979
2022-09-10;769;15.0;22.0;63.0;67;20.0;13.0;8.0;15;77.0;58;25.0;17.0;47;26.0;27.0;48;27.0;25.0;33;27;40.0;20;24.0;56.0;2;1;2;1;1;1;X;1;229;32;9558;2770743;250000.0;212111X1;36
2022-09-17;770;64.0;22.0;14.0;66;22.0;12.0;34.0;29;37.0;58;24.0;18.0;36;30.0;34.0;42;29.0;29.0;47;27;26.0;39;28.0;33.0;1;X;X;1;1;1;1;X;2448;472;1050;3316178;250000.0;1XX1111X;489
2022-09-24;771;48.0;28.0;24.0;24;28.0;48.0;65.0;22;13.0;21;26.0;53.0;44;30.0;26.0;40;30.0;30.0;43;30;27.0;16;25.0;59.0;1;1;2;2;1;1;1;1;5453;2195;364;2835644;;11221111;2287
2022-10-01;772;48.0;27.0;25.0;21;27.0;52.0;70.0;19;11.0;32;28.0;40.0;43;29.0;28.0;28;28.0;44.0;42;28;30.0;42;30.0;28.0;1;2;X;2;2;X;2;1;6337;1860;383;3467621;;12X22X21;1901
2022-10-08;773;34.0;28.0;38.0;70;19.0;11.0;28.0;26;46.0;54;24.0;22.0;35;29.0;36.0;49;28.0;23.0;27;28;45.0;29;28.0;43.0;2;1;1;1;1;1;1;2;873;120;3265;3719057;250000.0;21111112;123
2022-10-15;774;65.0;21.0;14.0;51;26.0;23.0;58.0;24;18.0;39;30.0;31.0;53;26.0;21.0;41;29.0;30.0;50;26;24.0;40;30.0;30.0;1;X;1;2;1;2;2;2;2771;654;963;3456182;250000.0;1X121222;674
2022-10-22;775;49.0;25.0;26.0;79;13.0;8.0;38.0;29;33.0;50;27.0;23.0;52;26.0;22.0;34;29.0;37.0;49;28;23.0;39;29.0;32.0;X;1;1;1;X;1;1;1;551;270;4982;3569594;250000.0;X111X111;294
2022-10-29;776;73.0;16.0;11.0;40;28.0;32.0;34.0;29;37.0;52;26.0;22.0;18;24.0;58.0;48;27.0;25.0;44;28;28.0;44;29.0;27.0;2;X;1;1;2;1;X;2;19700;2053;122;3433548;;2X1121X2;2046
2022-11-05;777;39.0;29.0;32.0;85;10.0;5.0;54.0;25;21.0;34;29.0;37.0;28;28.0;44.0;33;28.0;39.0;48;26;26.0;31;32.0;37.0;2;1;1;X;2;2;X;2;1495;211;1533;3274148;;211X22X2;253
2022-11-12;778;16.0;23.0;61.0;41;28.0;31.0;76.0;15;9.0;61;22.0;17.0;34;29.0;37.0;32;29.0;39.0;46;28;26.0;33;27.0;40.0;2;1;1;1;1;1;2;X;620;159;2434;2156676;;2111112X;170
2022-11-19;779;49.0;27.0;24.0;44;28.0;28.0;53.0;26;21.0;53;25.0;22.0;34;27.0;39.0;32;27.0;41.0;29;27;44.0;39;27.0;34.0;1;1;1;1;X;1;1;2;1397;168;1118;2232594;;1111X112;181
2022-11-26;780;46.0;29.0;25.0;63;23.0;14.0;33.0;29;38.0;47;26.0;27.0;51;26.0;23.0;65;21.0;14.0;30;28;42.0;40;30.0;30.0;1;1;1;1;1;1;1;1;141;10;10819;2186634;;11111111;11
2022-12-03;781;51.0;28.0;21.0;33;26.0;41.0;29.0;27;44.0;20;25.0;55.0;57;24.0;19.0;41;30.0;29.0;45;28;27.0;54;27.0;19.0;1;X;1;2;1;X;2;1;1404;242;1018;2042424;;1X121X21;250
2022-12-10;782;31.0;30.0;39.0;17;26.0;57.0;35.0;28;37.0;52;26.0;22.0;51;27.0;22.0;64;21.0;15.0;45;28;27.0;39;27.0;34.0;2;1;X;1;X;1;X;2;6058;1675;282;2440768;;21X1X1X2;1765
2022-12-17;783;41.0;28.0;31.0;37;28.0;35.0;46.0;27;27.0;51;27.0;22.0;39;29.0;32.0;26;28.0;46.0;38;29;33.0;40;29.0;31.0;1;2;1;X;X;2;X;2;5636;1486;280;2254430;;121XX2X2;1384
2022-12-26;784;63.0;22.0;15.0;20;23.0;57.0;46.0;26;28.0;40;29.0;31.0;29;27.0;44.0;27;28.0;45.0;32;29;39.0;37;29.0;34.0;1;2;2;2;2;2;2;X;1216;133;1967;3418605;;1222222X;128
2022-12-31;785;28.0;27.0;45.0;83;12.0;5.0;46.0;28;26.0;66;20.0;14.0;32;29.0;39.0;18;25.0;57.0;57;23;20.0;40;29.0;31.0;2;X;1;X;2;X;2;1;13989;4084;138;2758021;;2X1X2X21;4047
2023-01-07;786;72.0;17.0;11.0;35;30.0;35.0;17.0;23;60.0;16;22.0;62.0;14;19.0;67.0;20;24.0;56.0;42;27;31.0;33;30.0;37.0;X;2;2;2;1;1;2;2;9813;2798;179;2509367;;X2221122;2824
2023-01-14;787;56.0;23.0;21.0;27;25.0;48.0;44.0;27;29.0;34;28.0;38.0;35;29.0;36.0;42;29.0;29.0;48;28;24.0;48;28.0;24.0;1;1;2;1;1;1;X;X;2802;2197;750;3002358;;112111XX;2117
2023-01-21;788;23.0;27.0;50.0;27;26.0;47.0;33.0;29;38.0;54;26.0;20.0;35;30.0;35.0;39;31.0;30.0;41;29;30.0;44;29.0;27.0;X;X;2;1;X;2;1;X;9123;2400;282;3318291;250000.0;XX21X21X;2382
2023-01-28;789;83.0;11.0;6.0;11;17.0;72.0;64.0;20;16.0;64;21.0;15.0;41;29.0;30.0;29;26.0;45.0;28;29;43.0;65;21.0;14.0;1;2;X;1;X;X;1;X;1908;761;978;2665760;;12X1XX1X;768
2023-02-04;790;61.0;24.0;15.0;67;21.0;12.0;23.0;25;52.0;47;27.0;26.0;71;18.0;11.0;50;26.0;24.0;31;29;40.0;43;28.0;29.0;X;1;1;2;1;1;X;1;1218;565;1841;3205406;;X11211X1;591
2023-02-11;791;14.0;23.0;63.0;69;19.0;12.0;27.0;26;47.0;49;27.0;24.0;26;28.0;46.0;33;31.0;36.0;31;29;40.0;28;27.0;45.0;X;X;1;1;X;2;1;2;5458;3634;423;3298597;;XX11X212;3705
2023-02-18;792;41.0;27.0;32.0;69;20.0;11.0;11.0;17;72.0;40;28.0;32.0;55;24.0;21.0;50;27.0;23.0;58;25;17.0;42;28.0;30.0;2;2;X;1;2;X;2;1;91867;5837;30;3580042;250000.0;22X12X21;5866
2023-02-25;793;21.0;23.0;56.0;10;16.0;74.0;21.0;23;56.0;47;27.0;26.0;38;30.0;32.0;53;27.0;20.0;33;29;38.0;40;29.0;31.0;X;2;2;1;2;1;2;1;278;72;10690;3890377;250000.0;X2212121;82
2023-03-04;794;36.0;28.0;36.0;78;14.0;8.0;58.0;24;18.0;47;28.0;25.0;30;28.0;42.0;52;25.0;23.0;31;28;41.0;46;27.0;27.0;1;1;1;1;1;1;2;1;277;8;8841;3509563;;11111121;7
2023-03-11;795;11.0;18.0;71.0;26;27.0;47.0;27.0;26;47.0;67;20.0;13.0;35;30.0;35.0;47;27.0;26.0;47;28;25.0;35;31.0;34.0;2;2;X;1;1;1;X;1;648;89;4530;3837645;250000.0;22X111X1;105
2023-03-18;796;66.0;22.0;12.0;22;26.0;52.0;48.0;26;26.0;43;29.0;28.0;56;24.0;20.0;79;14.0;7.0;30;29;41.0;55;26.0;19.0;X;X;X;2;1;1;2;1;1120;702;1941;3108146;;XXX21121;692
2023-03-25;797;70.0;19.0;11.0;60;24.0;16.0;50.0;27;23.0;12;21.0;67.0;7;14.0;79.0;37;30.0;33.0;55;25;20.0;40;30.0;30.0;1;X;X;2;2;X;1;1;368;106;4664;2454111;;1XX22X11;106
2023-04-01;798;59.0;24.0;17.0;72;17.0;11.0;37.0;29;34.0;57;24.0;19.0;37;29.0;34.0;32;31.0;37.0;51;27;22.0;38;28.0;34.0;2;1;1;X;1;X;X;2;6955;2427;336;3338457;;211X1XX2;2415
2023-04-08;799;9.0;16.0;75.0;40;26.0;34.0;24.0;28;48.0;57;24.0;19.0;30;27.0;43.0;36;28.0;36.0;56;24;20.0;34;32.0;34.0;2;1;1;1;2;2;2;1;1708;501;1345;3283462;;21112221;527
2023-04-15;800;81.0;12.0;7.0;37;28.0;35.0;46.0;28;26.0;65;20.0;15.0;35;30.0;35.0;37;30.0;33.0;53;27;20.0;35;29.0;36.0;1;2;2;2;2;1;1;2;2991;914;721;3080909;;12222112;954
2023-04-22;801;77.0;15.0;8.0;39;29.0;32.0;38.0;29;33.0;46;29.0;25.0;49;25.0;26.0;49;26.0;25.0;35;30;35.0;56;25.0;19.0;1;1;X;X;2;1;X;1;1229;395;1614;2835017;;11XX21X1;380
2023-04-29;802;58.0;24.0;18.0;66;20.0;14.0;63.0;22;15.0;29;27.0;44.0;62;22.0;16.0;25;27.0;48.0;50;27;23.0;45;27.0;28.0;1;1;1;X;1;2;X;1;448;25;4702;3015212;;111X12X1;26
2023-05-06;803;64.0;19.0;17.0;80;12.0;8.0;23.0;26;51.0;53;24.0;23.0;33;30.0;37.0;32;31.0;37.0;14;15;71.0;68;18.0;14.0;1;1;2;1;1;2;2;1;90;2;25049;3232189;;11211221;2
2023-05-13;804;68.0;19.0;13.0;42;26.0;32.0;66.0;20;14.0;51;25.0;24.0;34;28.0;38.0;36;30.0;34.0;38;29;33.0;34;29.0;37.0;1;1;X;1;2;1;X;1;1949;683;1015;2826356;;11X121X1;675
2023-05-20;805;18.0;21.0;61.0;63;19.0;18.0;17.0;20;63.0;36;28.0;36.0;39;29.0;32.0;43;30.0;27.0;62;22;16.0;44;28.0;28.0;1;X;2;X;X;1;1;1;2061;1152;940;2768698;;1X2XX111;1127
2023-05-28;806;18.0;21.0;61.0;68;18.0;14.0;15.0;18;67.0;41;27.0;32.0;64;21.0;15.0;42;24.0;34.0;34;26;40.0;35;25.0;40.0;1;1;X;1;1;1;2;X;1430;902;1415;2892638;;11X1112X;941
2023-06-03;807;63.0;20.0;17.0;55;25.0;20.0;54.0;23;23.0;19;23.0;58.0;64;19.0;17.0;38;31.0;31.0;41;31;28.0;38;31.0;31.0;1;2;1;2;2;2;X;X;4633;1220;388;2568243;;121222XX;1283
2023-06-10;808;66.0;20.0;14.0;34;28.0;38.0;54.0;24;22.0;60;22.0;18.0;30;26.0;44.0;65;20.0;15.0;46;26;28.0;66;20.0;14.0;1;2;1;1;2;1;2;1;133;6;12028;2299917;;12112121;7
2023-06-17;809;62.0;22.0;16.0;46;27.0;27.0;34.0;31;35.0;27;28.0;45.0;46;29.0;25.0;67;21.0;12.0;25;28;47.0;10;16.0;74.0;X;2;2;X;X;1;2;2;1158;655;1232;2038918;;X22XX122;658
2023-06-25;810;26.0;25.0;49.0;37;25.0;38.0;65.0;20;15.0;32;26.0;42.0;46;25.0;29.0;44;29.0;27.0;19;21;60.0;41;28.0;31.0;1;X;1;2;2;1;1;2;10585;2133;115;1739056;;1X122112;2230
2023-07-01;811;79.0;14.0;7.0;42;26.0;32.0;78.0;14;8.0;42;29.0;29.0;20;26.0;54.0;34;30.0;36.0;42;26;32.0;31;30.0;39.0;1;2;X;1;2;X;X;1;3142;1238;459;2060317;;12X12XX1;1309
2023-07-08;812;50.0;25.0;25.0;38;28.0;34.0;65.0;20;15.0;33;28.0;39.0;62;22.0;16.0;31;29.0;40.0;38;32;30.0;47;25.0;28.0;2;1;1;X;2;X;1;1;4369;1933;310;1935018;;211X2X11;1925
2023-07-15;813;75.0;16.0;9.0;35;27.0;38.0;44.0;26;30.0;26;25.0;49.0;37;28.0;35.0;50;27.0;23.0;55;27;18.0;46;26.0;28.0;1;2;1;2;1;1;1;2;285;11;4845;1976354;;12121112;13
2023-07-22;814;23.0;24.0;53.0;64;19.0;17.0;19.0;22;59.0;63;22.0;15.0;38;29.0;33.0;54;25.0;21.0;68;18;14.0;58;24.0;18.0;1;1;2;1;2;1;X;1;999;172;1229;1755312;;112121X1;182
2023-07-29;815;36.0;27.0;37.0;50;27.0;23.0;27.0;24;49.0;52;24.0;24.0;34;25.0;41.0;48;25.0;27.0;42;25;33.0;43;26.0;31.0;1;2;1;2;X;X;1;1;38142;5168;35;1907101;;1212XX11;5151
2023-08-05;816;35.0;30.0;35.0;47;27.0;26.0;50.0;26;24.0;57;24.0;19.0;43;28.0;29.0;58;24.0;18.0;54;25;21.0;45;28.0;27.0;1;X;2;1;1;1;X;1;2161;651;735;2269177;;1X2111X1;618
2023-08-12;817;54.0;24.0;22.0;43;28.0;29.0;35.0;28;37.0;73;16.0;11.0;31;30.0;39.0;24;25.0;51.0;19;24;57.0;47;27.0;26.0;1;2;X;1;2;1;2;2;2271;480;887;2878184;;12X12122;483
2023-08-19;818;60.0;22.0;18.0;31;26.0;43.0;78.0;14;8.0;36;28.0;36.0;20;24.0;56.0;50;26.0;24.0;43;28;29.0;57;23.0;20.0;1;1;1;2;2;2;2;X;2004;510;1022;2927168;;1112222X;523
2023-08-26;819;63.0;21.0;16.0;77;15.0;8.0;73.0;16;11.0;42;28.0;30.0;47;27.0;26.0;42;29.0;29.0;50;27;23.0;44;29.0;27.0;2;X;1;2;X;2;1;1;8579;2370;289;3541957;;2X12X211;2326
2023-09-02;820;38.0;25.0;37.0;70;18.0;12.0;25.0;23;52.0;58;23.0;19.0;44;27.0;29.0;55;24.0;21.0;58;22;20.0;62;22.0;16.0;1;2;2;X;X;1;2;X;32865;4105;65;3051804;;122XX12X;4128
2023-09-09;821;11.0;19.0;70.0;12;20.0;68.0;10.0;17;73.0;47;28.0;25.0;17;24.0;59.0;61;21.0;18.0;40;26;34.0;17;22.0;61.0;2;X;X;X;X;2;2;X;18061;4496;98;2528650;;2XXXX22X;4562
2023-09-16;822;62.0;22.0;16.0;45;24.0;31.0;15.0;20;65.0;74;16.0;10.0;50;25.0;25.0;57;24.0;19.0;37;28;35.0;39;29.0;32.0;1;2;2;1;1;1;1;X;194;18;9472;2636927;;1221111X;17
2023-09-23;823;23.0;23.0;54.0;54;25.0;21.0;50.0;27;23.0;28;28.0;44.0;52;25.0;23.0;51;26.0;23.0;58;24;18.0;35;27.0;38.0;2;2;X;X;1;1;1;1;933;392;1975;2634490;;22XX1111;391
2023-09-30;824;34.0;23.0;43.0;17;20.0;63.0;61.0;22;17.0;59;24.0;17.0;73;17.0;10.0;12;17.0;71.0;65;20;15.0;27;24.0;49.0;1;2;2;2;1;1;1;X;13905;1748;136;2701707;;1222111X;1704
2023-10-07;825;47.0;27.0;26.0;22;25.0;53.0;57.0;22;21.0;49;25.0;26.0;59;24.0;17.0;37;28.0;35.0;38;27;35.0;57;23.0;20.0;X;2;1;1;1;X;X;1;273;61;6839;2667715;;X2111XX1;72
2023-10-14;826;35.0;29.0;36.0;50;28.0;22.0;60.0;24;16.0;24;23.0;53.0;39;28.0;33.0;45;27.0;28.0;37;28;35.0;48;27.0;25.0;1;1;2;2;1;X;2;2;6405;2286;225;2058969;;11221X22;2173
2023-10-21;827;31.0;28.0;41.0;14;19.0;67.0;68.0;17;15.0;66;20.0;14.0;58;24.0;18.0;40;27.0;33.0;53;24;23.0;32;26.0;42.0;X;2;1;1;X;2;1;2;266;83;6993;2662176;;X211X212;81
2023-10-28;828;22.0;24.0;54.0;82;11.0;7.0;44.0;27;29.0;39;26.0;35.0;45;26.0;29.0;42;27.0;31.0;47;27;26.0;63;19.0;18.0;X;1;1;2;2;1;1;1;379;135;4966;2691483;;X1122111;143
2023-11-04;829;33.0;28.0;39.0;32;24.0;44.0;85.0;8;7.0;45;25.0;30.0;34;29.0;37.0;26;25.0;49.0;24;25;51.0;32;28.0;40.0;1;X;1;1;2;1;X;X;4549;1588;420;2729669;;1X1121XX;1643
2023-11-11;830;19.0;22.0;59.0;81;11.0;8.0;73.0;15;12.0;38;29.0;33.0;44;26.0;30.0;41;28.0;31.0;55;24;21.0;59;22.0;19.0;1;1;1;2;2;X;1;1;1075;174;1703;2617719;;11122X11;185
2023-11-18;831;80.0;13.0;7.0;33;28.0;39.0;71.0;17;12.0;66;18.0;16.0;59;23.0;18.0;53;26.0;21.0;30;23;47.0;49;25.0;26.0;1;2;X;2;1;1;1;1;3174;662;411;1863669;;12X21111;655
2023-11-25;832;20.0;25.0;55.0;37;27.0;36.0;30.0;26;44.0;26;26.0;48.0;27;27.0;46.0;29;27.0;44.0;25;26;49.0;20;24.0;56.0;2;1;2;2;1;2;1;X;3557;800;523;2658064;;2122121X;829
2023-12-02;833;49.0;25.0;26.0;35;28.0;37.0;72.0;17;11.0;64;20.0;16.0;50;26.0;24.0;40;28.0;32.0;53;24;23.0;54;23.0;23.0;1;2;1;1;1;2;1;1;166;4;10900;2588723;;12111211;3
2023-12-09;834;28.0;25.0;47.0;57;22.0;21.0;63.0;19;18.0;19;23.0;58.0;48;26.0;26.0;45;29.0;26.0;32;29;39.0;42;25.0;33.0;1;2;X;1;X;1;X;2;52281;5761;36;2688783;;12X1X1X2;5867
2023-12-16;835;27.0;28.0;45.0;65;20.0;15.0;76.0;14;10.0;81;11.0;8.0;51;24.0;25.0;29;28.0;43.0;51;26;23.0;65;20.0;15.0;2;1;1;X;1;1;1;X;2015;594;825;2374865;;211X111X;625
2023-12-23;836;39.0;26.0;35.0;52;22.0;26.0;19.0;22;59.0;56;24.0;20.0;33;27.0;40.0;41;26.0;33.0;43;28;29.0;59;23.0;18.0;X;1;1;2;2;2;1;1;4844;1609;443;3065651;;X1122211;1593
2023-12-26;837;37.0;26.0;37.0;13;17.0;70.0;43.0;27;30.0;42;28.0;30.0;35;27.0;38.0;37;29.0;34.0;54;25;21.0;30;25.0;45.0;1;2;1;2;X;2;1;1;1521;331;1052;2243392;;1212X211;370
2023-12-30;838;32.0;26.0;42.0;70;17.0;13.0;40.0;29;31.0;89;6.0;5.0;36;29.0;35.0;15;21.0;64.0;60;20;20.0;45;30.0;25.0;1;1;1;1;1;1;1;1;692;114;2430;2403346;;11111111;138
2024-01-06;839;78.0;12.0;10.0;69;17.0;14.0;17.0;21;62.0;19;21.0;60.0;18;22.0;60.0;54;23.0;23.0;40;28;32.0;61;21.0;18.0;1;1;2;2;2;X;1;X;242;48;6216;2154024;;11222X1X;47
2024-01-13;840;17.0;21.0;62.0;45;27.0;28.0;41.0;27;32.0;19;24.0;57.0;37;26.0;37.0;33;28.0;39.0;36;30;34.0;23;26.0;51.0;2;1;X;2;X;2;1;2;565;72;2775;2243230;;21X2X212;77
2024-01-20;841;48.0;26.0;26.0;51;24.0;25.0;39.0;29;32.0;74;15.0;11.0;36;28.0;36.0;42;27.0;31.0;37;30;33.0;30;27.0;43.0;1;X;X;X;1;1;1;2;6016;2384;249;2140211;;1XXX1112;2568
2024-01-27;842;32.0;27.0;41.0;61;22.0;17.0;70.0;16;14.0;69;17.0;14.0;18;22.0;60.0;43;30.0;27.0;49;25;26.0;50;25.0;25.0;2;2;X;1;2;X;1;X;7063;1412;254;2563058;;22X12X1X;1405
2024-02-03;843;18.0;22.0;60.0;59;23.0;18.0;32.0;27;41.0;71;17.0;12.0;47;26.0;27.0;37;30.0;33.0;47;28;25.0;37;27.0;36.0;2;1;X;X;2;1;1;1;2902;963;624;2587036;;21XX2111;1016
2024-02-10;844;26.0;26.0;48.0;80;11.0;9.0;51.0;22;27.0;39;26.0;35.0;54;24.0;22.0;45;26.0;29.0;40;26;34.0;42;29.0;29.0;2;1;1;1;2;2;1;2;1776;417;1030;2613544;;21112212;391
2024-02-17;845;69.0;17.0;14.0;12;18.0;70.0;61.0;20;19.0;32;27.0;41.0;52;23.0;25.0;39;27.0;34.0;29;27;44.0;45;29.0;26.0;X;2;2;2;X;1;1;2;8554;3332;204;2492922;;X222X112;3290
2024-02-24;846;68.0;17.0;15.0;13;18.0;69.0;51.0;24;25.0;61;20.0;19.0;62;20.0;18.0;48;27.0;25.0;37;26;37.0;34;30.0;36.0;1;2;X;2;1;1;X;1;2074;357;949;2812920;;12X211X1;356
2024-03-02;847;24.0;23.0;53.0;31;25.0;44.0;62.0;20;18.0;16;20.0;64.0;51;23.0;26.0;47;26.0;27.0;33;26;41.0;24;24.0;52.0;2;X;1;2;1;2;1;2;253;58;8434;3055365;;2X121212;56
2024-03-09;848;78.0;13.0;9.0;37;28.0;35.0;70.0;17;13.0;54;24.0;22.0;52;24.0;24.0;25;26.0;49.0;42;29;29.0;67;20.0;13.0;1;1;X;X;X;X;1;1;1192;1187;1508;2568252;;11XXXX11;1262
2024-03-16;849;71.0;17.0;12.0;30;25.0;45.0;28.0;26;46.0;36;26.0;38.0;38;28.0;34.0;61;21.0;18.0;51;24;25.0;37;28.0;35.0;1;1;1;X;2;1;X;2;3470;963;486;2409630;;111X21X2;997
2024-03-23;850;49.0;26.0;25.0;52;24.0;24.0;25.0;27;48.0;44;28.0;28.0;29;28.0;43.0;40;29.0;31.0;19;25;56.0;18;25.0;57.0;2;2;X;X;2;2;X;1;95179;6126;14;1903585;;22XX22X1;6067
2024-03-30;851;31.0;25.0;44.0;58;21.0;21.0;72.0;16;12.0;73;14.0;13.0;42;28.0;30.0;44;26.0;30.0;20;24;56.0;31;30.0;39.0;X;1;X;1;X;1;X;1;3790;1519;440;2382636;;X1X1X1X1;1670
2024-04-06;852;19.0;22.0;59.0;55;21.0;24.0;37.0;25;38.0;39;26.0;35.0;57;23.0;20.0;30;24.0;46.0;23;23;54.0;29;28.0;43.0;2;X;2;2;1;1;X;2;3126;1005;562;2509763;;2X2211X2;967
2024-04-13;853;39.0;25.0;36.0;67;17.0;16.0;26.0;24;50.0;42;27.0;31.0;31;27.0;42.0;40;29.0;31.0;47;28;25.0;51;24.0;25.0;X;1;X;X;1;X;1;X;8736;2347;198;2471140;;X1XX1X1X;2613
2024-04-20;854;65.0;19.0;16.0;12;18.0;70.0;31.0;25;44.0;33;27.0;40.0;16;21.0;63.0;43;27.0;30.0;56;24;20.0;48;27.0;25.0;1;2;2;2;1;2;X;1;4302;512;416;2556948;;122212X1;506
2024-04-27;855;40.0;25.0;35.0;65;18.0;17.0;47.0;26;27.0;41;26.0;33.0;77;13.0;10.0;47;24.0;29.0;29;25;46.0;33;26.0;41.0;X;X;X;1;1;1;X;X;3093;2019;599;2647234;;XXX111XX;2215
2024-05-04;856;86.0;8.0;6.0;45;25.0;30.0;27.0;24;49.0;18;22.0;60.0;41;24.0;35.0;36;25.0;39.0;23;26;51.0;34;25.0;41.0;1;X;2;2;1;2;X;1;867;203;1859;2303842;;1X2212X1;211
2024-05-11;857;26.0;24.0;50.0;63;19.0;18.0;70.0;15;15.0;53;21.0;26.0;34;27.0;39.0;48;24.0;28.0;67;18;15.0;36;27.0;37.0;2;X;1;1;2;2;1;1;654;199;2266;2119086;;2X112211;186
2024-05-19;858;81.0;11.0;8.0;87;7.0;6.0;82.0;10;8.0;30;23.0;47.0;45;23.0;32.0;65;17.0;18.0;11;15;74.0;46;23.0;31.0;1;1;1;2;2;1;2;1;39;2;35426;2015394;;11122121;2
2024-05-25;859;71.0;16.0;13.0;49;26.0;25.0;5.0;11;84.0;18;21.0;61.0;31;25.0;44.0;31;28.0;41.0;73;16;11.0;61;21.0;18.0;2;1;2;2;1;2;1;1;457;81;2771;1811049;;21221211;78
2024-06-01;860;19.0;22.0;59.0;29;27.0;44.0;52.0;24;24.0;50;25.0;25.0;12;17.0;71.0;50;24.0;26.0;57;22;21.0;37;25.0;38.0;2;1;1;1;2;X;1;2;493;43;2078;1465694;;21112X12;43
2024-06-08;861;41.0;27.0;32.0;44;27.0;29.0;56.0;24;20.0;82;11.0;7.0;45;27.0;28.0;52;23.0;25.0;36;28;36.0;24;26.0;50.0;2;1;2;1;X;1;2;2;950;393;1487;2019341;;2121X122;374
2024-06-15;862;50.0;27.0;23.0;68;20.0;12.0;42.0;24;34.0;40;24.0;36.0;63;20.0;17.0;54;24.0;22.0;41;26;33.0;41;27.0;32.0;1;1;X;X;1;1;X;X;482;295;2353;1620828;;11XX11XX;345
2024-06-23;863;22.0;24.0;54.0;33;26.0;41.0;47.0;29;24.0;27;26.0;47.0;53;25.0;22.0;49;25.0;26.0;39;26;35.0;30;26.0;44.0;X;2;1;2;1;1;2;2;391;61;2480;1388062;;X2121122;55
2024-06-29;864;29.0;32.0;39.0;60;23.0;17.0;70.0;20;10.0;27;28.0;45.0;29;25.0;46.0;35;24.0;41.0;49;24;27.0;14;20.0;66.0;1;1;1;X;X;1;2;2;1314;371;1091;2049346;;111XX122;384
2024-07-06;865;44.0;31.0;25.0;54;25.0;21.0;74.0;17;9.0;33;29.0;38.0;60;20.0;20.0;42;23.0;35.0;68;20;12.0;49;27.0;24.0;X;1;1;X;1;X;X;1;911;441;957;1246368;;X11X1XX1;498
2024-07-13;866;44.0;26.0;30.0;73;15.0;12.0;27.0;26;47.0;45;25.0;30.0;39;27.0;34.0;18;19.0;63.0;48;25;27.0;70;16.0;14.0;1;X;X;1;2;1;2;1;19576;2461;40;1118660;;1XX12121;2499
2024-07-20;867;36.0;26.0;38.0;49;24.0;27.0;64.0;19;17.0;22;22.0;56.0;43;26.0;31.0;65;20.0;15.0;54;24;22.0;25;23.0;52.0;2;X;2;X;2;1;1;1;22079;2621;34;1072444;;2X2X2111;2638
2024-07-27;868;45.0;25.0;30.0;75;15.0;10.0;29.0;27;44.0;47;26.0;27.0;25;22.0;53.0;47;25.0;28.0;37;26;37.0;38;26.0;36.0;2;2;1;X;X;X;2;X;293951;6435;3;1259794;;221XXX2X;6432
2024-08-03;869;58.0;22.0;20.0;56;23.0;21.0;33.0;27;40.0;67;19.0;14.0;42;27.0;31.0;46;26.0;28.0;36;28;36.0;35;27.0;38.0;1;1;2;1;X;2;2;1;907;139;976;1264945;;1121X221;135
2024-08-10;870;59.0;19.0;22.0;49;25.0;26.0;28.0;23;49.0;40;26.0;34.0;46;25.0;29.0;33;27.0;40.0;30;27;43.0;30;27.0;43.0;X;X;X;2;1;2;1;1;14724;4772;61;1283175;;XXX21211;4832
2024-08-17;871;39.0;25.0;36.0;79;13.0;8.0;38.0;27;35.0;70;16.0;14.0;39;26.0;35.0;48;27.0;25.0;60;21;19.0;49;25.0;26.0;2;1;2;1;X;1;1;X;336;107;4135;1985168;;2121X11X;109
2024-08-24;872;23.0;24.0;53.0;42;26.0;32.0;51.0;25;24.0;86;9.0;5.0;65;19.0;16.0;38;27.0;35.0;53;26;21.0;33;29.0;38.0;2;2;1;1;1;2;1;X;350;19;4685;2348668;;2211121X;19
2024-08-31;873;13.0;17.0;70.0;35;27.0;38.0;51.0;24;25.0;34;27.0;39.0;21;24.0;55.0;47;25.0;28.0;37;26;37.0;40;27.0;33.0;2;2;1;X;2;X;1;1;872;117;1862;2320489;;221X2X11;142
2024-09-07;874;73.0;16.0;11.0;76;15.0;9.0;15.0;23;62.0;52;26.0;22.0;54;26.0;20.0;28;27.0;45.0;52;26;22.0;55;25.0;20.0;1;1;2;1;2;1;1;1;171;26;8354;2046590;;11212111;26
2024-09-14;875;27.0;23.0;50.0;64;21.0;15.0;59.0;23;18.0;79;12.0;9.0;72;17.0;11.0;39;27.0;34.0;47;26;27.0;39;28.0;33.0;2;1;X;2;X;X;1;1;21619;2731;76;2347289;;21X2XX11;2746
2024-09-21;876;33.0;26.0;41.0;62;20.0;18.0;33.0;26;41.0;73;15.0;12.0;40;27.0;33.0;43;27.0;30.0;63;19;18.0;57;25.0;18.0;X;1;1;1;X;X;1;1;348;98;4706;2345448;;X111XX11;111
2024-09-28;877;13.0;17.0;70.0;54;23.0;23.0;82.0;12;6.0;41;27.0;32.0;35;27.0;38.0;42;28.0;30.0;47;26;27.0;50;27.0;23.0;2;1;1;X;1;2;1;1;224;29;7792;2499045;;211X1211;30
2024-10-05;878;28.0;25.0;47.0;48;25.0;27.0;31.0;25;44.0;78;13.0;9.0;53;24.0;23.0;48;26.0;26.0;40;28;32.0;26;26.0;48.0;X;1;1;1;1;2;1;1;1973;554;843;2376715;;X1111211;628
2024-10-12;879;59.0;23.0;18.0;18;24.0;58.0;68.0;19;13.0;36;30.0;34.0;45;25.0;30.0;42;25.0;33.0;35;29;36.0;54;25.0;21.0;1;2;1;1;2;X;2;X;1585;348;871;1972948;;12112X2X;338
2024-10-19;880;20.0;24.0;56.0;59;22.0;19.0;48.0;25;27.0;40;27.0;33.0;40;28.0;32.0;41;27.0;32.0;48;27;25.0;56;23.0;21.0;1;1;2;2;2;2;1;2;15995;2754;103;2353576;;11222212;2820
2024-10-26;881;35.0;28.0;37.0;52;25.0;23.0;54.0;24;22.0;62;22.0;16.0;88;9.0;3.0;57;25.0;18.0;40;27;33.0;37;27.0;36.0;X;X;1;X;1;X;X;X;2141;1937;822;2514161;;XX1X1XXX;1974
2024-11-02;882;36.0;27.0;37.0;16;22.0;62.0;44.0;25;31.0;67;18.0;15.0;42;27.0;31.0;36;27.0;37.0;35;29;36.0;57;22.0;21.0;X;1;X;1;1;1;1;X;9310;2511;187;2487177;;X1X1111X;2922
2024-11-09;883;65.0;19.0;16.0;22;24.0;54.0;39.0;29;32.0;41;26.0;33.0;45;29.0;26.0;49;25.0;26.0;54;25;21.0;76;15.0;9.0;1;1;2;1;X;1;X;1;1361;486;1382;2687049;;1121X1X1;468
2024-11-16;884;57.0;24.0;19.0;70;19.0;11.0;28.0;29;43.0;38;31.0;31.0;53;26.0;21.0;38;29.0;33.0;60;22;18.0;49;26.0;25.0;1;1;X;X;X;2;X;X;2015;1783;675;1943747;;11XXX2XX;1702
2024-11-23;885;64.0;20.0;16.0;70;19.0;11.0;58.0;24;18.0;41;27.0;32.0;40;29.0;31.0;60;22.0;18.0;56;25;19.0;46;27.0;27.0;2;1;X;2;X;2;1;1;9435;1898;178;2399326;;21X2X211;1945
2024-11-30;886;15.0;21.0;64.0;31;28.0;41.0;57.0;22;21.0;57;24.0;19.0;35;26.0;39.0;62;22.0;16.0;55;25;20.0;40;28.0;32.0;2;X;1;1;2;1;X;1;380;52;4189;2275519;;2X1121X1;51
2024-12-07;887;57.0;25.0;18.0;67;19.0;14.0;36.0;26;38.0;17;23.0;60.0;44;26.0;30.0;35;28.0;37.0;43;29;28.0;36;31.0;33.0;2;1;1;X;1;2;X;2;9412;1893;181;2433795;;211X12X2;1892
2024-12-14;888;36.0;28.0;36.0;77;16.0;7.0;73.0;16;11.0;71;18.0;11.0;52;24.0;24.0;40;29.0;31.0;58;25;17.0;31;30.0;39.0;1;X;X;1;2;1;1;2;2980;1772;588;2503259;;1XX12112;1797
2024-12-21;889;17.0;24.0;59.0;42;27.0;31.0;32.0;26;42.0;21;23.0;56.0;57;26.0;17.0;27;30.0;43.0;83;12;5.0;43;29.0;28.0;2;2;X;2;1;2;1;1;226;22;7862;2539036;;22X21211;21
2024-12-26;890;87.0;9.0;4.0;65;20.0;15.0;21.0;23;56.0;51;24.0;25.0;36;26.0;38.0;29;25.0;46.0;48;27;25.0;34;28.0;38.0;1;2;1;1;1;2;X;X;3359;1391;677;3249215;;121112XX;1395
2024-12-29;891;13.0;19.0;68.0;63;19.0;18.0;35.0;31;34.0;62;22.0;16.0;39;27.0;34.0;56;24.0;20.0;53;27;20.0;47;27.0;26.0;2;X;2;1;X;1;X;2;3856;860;420;2313953;;2X21X1X2;894
2025-01-04;892;21.0;24.0;55.0;23;25.0;52.0;74.0;16;10.0;71;18.0;11.0;55;25.0;20.0;34;27.0;39.0;46;29;25.0;16;23.0;61.0;X;X;1;1;1;2;1;X;448;331;4080;2614939;;XX11121X;345
2025-01-11;893;71.0;18.0;11.0;49;26.0;25.0;33.0;29;38.0;66;21.0;13.0;32;25.0;43.0;45;30.0;25.0;28;26;46.0;71;18.0;11.0;1;2;2;1;X;X;1;X;8316;1610;176;2090941;;1221XX1X;1617
2025-01-18;894;66.0;20.0;14.0;15;19.0;66.0;25.0;25;50.0;39;27.0;34.0;46;28.0;26.0;40;26.0;34.0;45;27;28.0;33;30.0;37.0;X;2;2;2;1;2;X;1;4245;906;396;2401738;;X22212X1;917
2025-01-25;895;52.0;23.0;25.0;88;8.0;4.0;13.0;20;67.0;58;25.0;17.0;14;20.0;66.0;46;26.0;28.0;44;29;27.0;42;28.0;30.0;1;1;2;2;2;1;1;1;267;26;7187;2751070;;11222111;26
2025-02-01;896;27.0;27.0;46.0;21;24.0;55.0;57.0;25;18.0;58;23.0;19.0;51;26.0;23.0;26;29.0;45.0;49;27;24.0;41;31.0;28.0;1;2;1;2;2;2;2;1;6269;1645;308;2758491;;12122221;1675
2025-02-08;897;31.0;25.0;44.0;15;19.0;66.0;36.0;28;36.0;34;28.0;38.0;56;25.0;19.0;9;16.0;75.0;43;28;29.0;44;28.0;28.0;1;2;2;2;2;2;X;X;2873;801;565;2319354;;122222XX;804
2025-02-15;898;50.0;28.0;22.0;55;23.0;22.0;69.0;19;12.0;42;30.0;28.0;41;26.0;33.0;17;22.0;61.0;59;24;17.0;37;26.0;37.0;2;1;X;1;2;2;1;X;5130;872;329;2411167;;21X1221X;890
2025-02-22;899;34.0;28.0;38.0;74;18.0;8.0;25.0;24;51.0;48;27.0;25.0;60;23.0;17.0;18;22.0;60.0;51;27;22.0;59;23.0;18.0;1;2;2;2;2;2;1;1;5213;1399;322;2398087;;12222211;1483
2025-03-01;900;91.0;7.0;2.0;52;24.0;24.0;44.0;29;27.0;55;25.0;20.0;33;29.0;38.0;41;27.0;32.0;51;25;24.0;27;27.0;46.0;1;X;1;1;2;X;1;2;467;86;3276;2188580;;1X112X12;85
2025-03-08;901;36.0;31.0;33.0;42;24.0;34.0;88.0;8;4.0;47;27.0;26.0;64;22.0;14.0;51;27.0;22.0;61;25;14.0;35;31.0;34.0;X;2;1;1;1;X;1;1;481;87;3425;2358094;;X2111X11;88
2025-03-15;902;55.0;23.0;22.0;58;22.0;20.0;44.0;30;26.0;26;27.0;47.0;26;27.0;47.0;51;27.0;22.0;41;26;33.0;34;29.0;37.0;2;X;X;2;2;2;1;X;12167;3570;144;2502978;;2XX2221X;3728
2025-03-22;903;55.0;23.0;22.0;47;27.0;26.0;54.0;27;19.0;29;29.0;42.0;34;26.0;40.0;38;33.0;29.0;46;29;25.0;42;26.0;32.0;X;1;X;2;1;1;1;2;4288;1372;300;1837826;;X1X21112;1436
2025-03-29;904;52.0;25.0;23.0;55;27.0;18.0;32.0;27;41.0;77;16.0;7.0;63;22.0;15.0;41;30.0;29.0;41;30;29.0;39;31.0;30.0;X;1;X;X;1;1;1;1;3512;1284;370;1856689;;X1XX1111;1308
2025-04-05;905;47.0;26.0;27.0;36;27.0;37.0;32.0;28;40.0;30;26.0;44.0;53;27.0;20.0;39;32.0;29.0;22;28;50.0;23;26.0;51.0;1;1;2;X;1;1;1;1;3076;1551;492;2162400;;112X1111;1585
2025-04-12;906;64.0;21.0;15.0;73;17.0;10.0;47.0;29;24.0;18;22.0;60.0;40;28.0;32.0;51;27.0;22.0;27;27;46.0;47;28.0;25.0;X;X;2;2;2;2;1;X;52992;4931;30;2271115;;XX22221X;5017
2025-04-19;907;42.0;26.0;32.0;39;27.0;34.0;41.0;27;32.0;24;26.0;50.0;63;21.0;16.0;71;19.0;10.0;17;23;60.0;51;30.0;19.0;1;1;X;2;X;1;1;X;8174;1674;177;2067064;;11X2X11X;1654
2025-04-26;908;30.0;28.0;42.0;58;23.0;19.0;79.0;14;7.0;17;23.0;60.0;63;22.0;15.0;55;25.0;20.0;44;27;29.0;39;30.0;31.0;1;1;1;2;1;1;X;2;318;27;5737;2609287;;111211X2;27
2025-05-03;909;50.0;26.0;24.0;60;23.0;17.0;43.0;27;30.0;26;27.0;47.0;58;22.0;20.0;45;28.0;27.0;36;28;36.0;40;25.0;35.0;2;X;1;2;2;2;2;2;13418;4003;110;2108689;;2X122222;4072
2025-05-10;910;39.0;26.0;35.0;52;27.0;21.0;8.0;13;79.0;18;22.0;60.0;34;28.0;38.0;44;28.0;28.0;54;26;20.0;37;25.0;38.0;2;2;X;2;2;2;X;1;23514;3545;59;1981914;;22X222X1;3544
2025-05-17;911;22.0;24.0;54.0;70;19.0;11.0;59.0;21;20.0;49;23.0;28.0;19;22.0;59.0;74;17.0;9.0;20;23;57.0;38;27.0;35.0;1;1;2;2;X;1;2;1;2949;817;370;1558884;;1122X121;812
2025-05-25;912;30.0;26.0;44.0;14;17.0;69.0;23.0;23;54.0;20;22.0;58.0;69;17.0;14.0;72;17.0;11.0;30;22;48.0;34;26.0;40.0;2;2;1;2;X;2;2;X;12234;1840;129;2254685;;2212X22X;1870
2025-05-31;913;41.0;30.0;29.0;57;23.0;20.0;46.0;25;29.0;34;27.0;39.0;52;26.0;22.0;34;27.0;39.0;43;26;31.0;38;25.0;37.0;1;2;1;1;X;X;2;X;6723;4766;126;1210316;;1211XX2X;4689
2025-06-07;914;10.0;18.0;72.0;64;23.0;13.0;24.0;29;47.0;37;32.0;31.0;71;18.0;11.0;50;27.0;23.0;38;29;33.0;39;28.0;33.0;2;1;X;X;1;1;1;2;151;46;9453;2050781;;21XX1112;49
2025-06-14;915;29.0;27.0;44.0;41;24.0;35.0;57.0;22;21.0;52;23.0;25.0;58;21.0;21.0;41;28.0;31.0;22;27;51.0;16;22.0;62.0;2;1;X;2;1;2;2;X;4915;1533;157;1102519;;21X2122X;1593
2025-06-22;916;62.0;21.0;17.0;57;23.0;20.0;34.0;27;39.0;67;18.0;15.0;23;21.0;56.0;33;25.0;42.0;36;25;39.0;42;24.0;34.0;2;1;1;2;2;1;X;2;16681;2816;46;1096186;;211221X2;2870
2025-06-28;917;33.0;26.0;41.0;18;22.0;60.0;68.0;18;14.0;56;22.0;22.0;46;23.0;31.0;47;24.0;29.0;32;25;43.0;41;24.0;35.0;X;X;X;1;1;2;X;X;5958;4440;149;1268298;;XXX112XX;4445
2025-07-05;918;44.0;26.0;30.0;31;28.0;41.0;6.0;13;81.0;71;18.0;11.0;13;17.0;70.0;43;26.0;31.0;45;26;29.0;31;23.0;46.0;1;1;2;1;X;1;X;X;879;724;1037;1303215;;1121X1XX;743
2025-07-12;919;30.0;28.0;42.0;15;17.0;68.0;73.0;16;11.0;75;15.0;10.0;40;27.0;33.0;71;18.0;11.0;64;22;14.0;32;30.0;38.0;1;1;1;1;1;1;1;2;433;71;2045;1266364;;11111112;79
2025-07-19;920;45.0;26.0;29.0;25;26.0;49.0;35.0;26;39.0;67;18.0;15.0;31;24.0;45.0;29;25.0;46.0;38;28;34.0;44;27.0;29.0;X;2;2;1;2;X;1;X;1442;476;521;1073998;;X2212X1X;524
2025-07-26;921;45.0;23.0;32.0;58;22.0;20.0;77.0;15;8.0;33;25.0;42.0;32;26.0;42.0;44;23.0;33.0;40;27;33.0;27;25.0;48.0;X;X;1;2;2;1;2;1;4124;1085;221;1302273;;XX122121;1099
2025-08-02;922;22.0;24.0;54.0;53;24.0;23.0;34.0;26;40.0;39;29.0;32.0;40;25.0;35.0;39;23.0;38.0;56;24;20.0;39;26.0;35.0;X;2;X;2;2;2;X;1;19382;5138;49;1356769;;X2X222X1;5231
2025-08-09;923;30.0;25.0;45.0;49;26.0;25.0;47.0;27;26.0;38;27.0;35.0;41;28.0;31.0;58;23.0;19.0;43;28;29.0;53;26.0;21.0;2;1;2;2;X;2;1;1;4774;1066;234;1596132;;2122X211;1053
2025-08-16;924;14.0;19.0;67.0;53;25.0;22.0;31.0;27;42.0;70;19.0;11.0;31;28.0;41.0;50;26.0;24.0;40;29;31.0;26;27.0;47.0;2;X;1;1;2;X;2;1;3110;857;503;2235153;;2X112X21;848
2025-08-23;925;77.0;15.0;8.0;54;24.0;22.0;30.0;26;44.0;40;30.0;30.0;64;21.0;15.0;61;23.0;16.0;45;26;29.0;27;27.0;46.0;1;1;1;1;1;1;2;1;545;72;3077;2398795;;11111121;79
2025-08-30;926;26.0;27.0;47.0;55;23.0;22.0;72.0;18;10.0;38;29.0;33.0;36;28.0;36.0;39;28.0;33.0;52;27;21.0;62;23.0;15.0;X;2;1;2;1;2;1;X;7078;1572;235;2376188;;X212121X;1550
2025-09-06;927;38.0;30.0;32.0;61;23.0;16.0;42.0;27;31.0;62;21.0;17.0;41;29.0;30.0;32;27.0;41.0;42;28;30.0;41;27.0;32.0;X;1;1;1;X;1;2;1;1893;276;622;1682948;;X111X121;285
2025-09-13;928;22.0;24.0;54.0;29;26.0;45.0;39.0;29;32.0;67;20.0;13.0;51;26.0;23.0;40;27.0;33.0;59;24;17.0;27;27.0;46.0;X;2;X;1;1;1;X;2;895;498;1781;2279525;;X2X111X2;490
2025-09-20;929;47.0;27.0;26.0;35;26.0;39.0;43.0;25;32.0;34;28.0;38.0;37;29.0;34.0;28;28.0;44.0;23;28;49.0;42;30.0;28.0;1;1;X;2;2;X;X;2;9200;3588;171;2247559;;11X22XX2;3681
2025-09-27;930;65.0;20.0;15.0;53;26.0;21.0;55.0;23;22.0;23;24.0;53.0;82;12.0;6.0;33;27.0;40.0;40;29;31.0;31;27.0;42.0;X;2;2;1;1;X;1;2;9782;2584;174;2431676;;X2211X12;2604
2025-10-04;931;31.0;26.0;43.0;77;15.0;8.0;64.0;21;15.0;51;24.0;25.0;28;29.0;43.0;36;28.0;36.0;32;28;40.0;39;29.0;32.0;1;1;1;2;X;1;1;1;2709;486;654;2531158;;1112X111;505
2025-10-11;932;39.0;30.0;31.0;22;23.0;55.0;39.0;26;35.0;41;28.0;31.0;56;23.0;21.0;35;27.0;38.0;38;27;35.0;45;25.0;30.0;X;1;X;1;1;2;2;1;5753;1057;198;1627374;;X1X11221;1115
2025-10-18;933;16.0;23.0;61.0;39;26.0;35.0;68.0;20;12.0;30;28.0;42.0;44;28.0;28.0;39;31.0;30.0;52;27;21.0;58;26.0;16.0;2;1;1;1;X;1;2;1;1107;244;1408;2227639;;2111X121;239
2025-10-25;934;22.0;22.0;56.0;47;24.0;29.0;69.0;19;12.0;60;23.0;17.0;34;29.0;37.0;39;28.0;33.0;43;26;31.0;42;28.0;30.0;1;1;2;1;1;1;1;X;11528;2082;151;2486807;;1121111X;2057
2025-11-01;935;62.0;21.0;17.0;35;25.0;40.0;9.0;18;73.0;55;24.0;21.0;32;25.0;43.0;53;26.0;21.0;53;25;22.0;54;26.0;20.0;1;2;2;1;X;1;1;1;166;6;11217;2667313;;1221X111;6
2025-11-08;936;71.0;18.0;11.0;11;20.0;69.0;44.0;29;27.0;48;27.0;25.0;44;27.0;29.0;34;26.0;40.0;49;25;26.0;68;19.0;13.0;1;X;1;1;1;2;X;1;420;227;4097;2462721;;1X1112X1;232
2025-11-15;937;61.0;22.0;17.0;49;28.0;23.0;40.0;26;34.0;43;29.0;28.0;39;28.0;33.0;52;25.0;23.0;47;27;26.0;63;22.0;15.0;1;2;1;1;1;1;1;X;2014;403;642;1847649;;1211111X;397
2025-11-22;938;27.0;25.0;48.0;67;20.0;13.0;60.0;23;17.0;49;26.0;25.0;45;30.0;25.0;24;27.0;49.0;55;25;20.0;38;30.0;32.0;1;2;X;1;1;2;1;2;6669;1625;243;2315096;;12X11212;1697
2025-11-29;939;47.0;26.0;27.0;34;28.0;38.0;77.0;15;8.0;64;22.0;14.0;32;27.0;41.0;60;24.0;16.0;31;29;40.0;54;27.0;19.0;2;2;1;1;1;1;1;1;510;57;3028;2209021;;22111111;57
2025-12-06;940;22.0;23.0;55.0;32;26.0;42.0;75.0;16;9.0;43;27.0;30.0;44;29.0;27.0;75;17.0;8.0;45;29;26.0;45;28.0;27.0;X;X;1;1;1;1;2;1;830;289;2070;2456850;;XX111121;299
2025-12-13;941;83.0;12.0;5.0;24;27.0;49.0;56.0;23;21.0;59;24.0;17.0;59;25.0;16.0;59;23.0;18.0;28;28;44.0;53;26.0;21.0;1;2;1;1;X;1;1;1;325;27;5121;2378458;;1211X111;28
2025-12-20;942;17.0;26.0;57.0;34;29.0;37.0;28.0;25;47.0;81;12.0;7.0;60;23.0;17.0;66;21.0;13.0;25;27;48.0;36;28.0;36.0;2;1;2;1;X;X;2;1;1097;468;1552;2433039;;2121XX21;471
2025-12-27;943;52.0;25.0;23.0;68;20.0;12.0;79.0;14;7.0;34;28.0;38.0;21;28.0;51.0;42;26.0;32.0;13;23;64.0;31;30.0;39.0;2;1;1;2;X;1;2;X;353;182;5215;2632202;;2112X12X;175
2026-01-04;944;54.0;24.0;22.0;24;25.0;51.0;53.0;27;20.0;52;26.0;22.0;39;30.0;31.0;49;30.0;21.0;49;28;23.0;42;30.0;28.0;X;X;X;1;2;X;2;2;23743;4987;75;2543938;;XXX12X22;5101
2026-01-10;945;12.0;19.0;69.0;37;28.0;35.0;54.0;23;23.0;58;24.0;18.0;42;28.0;30.0;30;27.0;43.0;23;25;52.0;20;27.0;53.0;2;2;X;1;1;1;2;2;393;83;3575;2008023;;22X11122;86
2026-01-17;946;16.0;23.0;61.0;58;24.0;18.0;42.0;30;28.0;80;14.0;6.0;56;24.0;20.0;36;30.0;34.0;28;28;44.0;32;27.0;41.0;X;1;1;X;2;1;1;X;22259;4091;72;2289514;;X11X211X;4041
2026-01-24;947;25.0;23.0;52.0;26;28.0;46.0;38.0;28;34.0;81;13.0;6.0;35;30.0;35.0;50;28.0;22.0;43;29;28.0;52;27.0;21.0;1;X;1;1;X;X;1;2;9221;1796;187;2463419;;1X11XX12;1852
2026-01-31;948;53.0;24.0;23.0;65;21.0;14.0;15.0;23;62.0;54;25.0;21.0;30;26.0;44.0;39;29.0;32.0;65;22;13.0;55;25.0;20.0;1;1;2;X;2;2;X;1;673;196;2516;2421195;;112X22X1;202
2026-02-07;949;50.0;25.0;25.0;80;14.0;6.0;20.0;23;57.0;45;29.0;26.0;35;26.0;39.0;28;28.0;44.0;54;26;20.0;65;21.0;14.0;2;1;2;2;X;2;1;X;2162;699;798;2465100;;2122X21X;699
2026-02-14;950;61.0;20.999999999999996;18.000000000000004;44;26.999999999999996;29.000000000000004;55.00000000000001;24;20.999999999999996;65;20.999999999999996;14.000000000000002;40;28.000000000000004;31.999999999999996;25;28.000000000000004;47.0;45;30;25.0;27;27.0;46.0;1;2;X;2;1;2;1;2;5029;1069;293;2105170;;12X21212;1083
2026-02-21;951;66.0;18.999999999999993;15.000000000000002;36;26.0;38.0;54.0;25;20.999999999999996;79;14.000000000000002;6.999999999999995;49;25.0;26.0;67;19.999999999999996;13.0;54;26;19.999999999999996;37;27.0;36.0;1;X;X;X;2;X;2;2;29989;4676;52;2227799;;1XXX2X22;4708
2026-02-28;952;18.0;22.000000000000004;60.0;72;17.000000000000004;10.999999999999998;55.00000000000001;25;19.999999999999996;22;24.999999999999996;53.0;35;29.000000000000004;36.0;63;20.999999999999996;16.000000000000004;59;24;17.000000000000004;34;28.999999999999996;37.0;2;1;2;2;2;1;1;1;302;35;5715;2465664;;21222111;35
2026-03-07;953;28.000000000000004;24.0;48.0;13;19.0;68.0;27.0;27;46.0;62;21.999999999999996;16.000000000000004;54;25.0;20.999999999999996;47;28.000000000000004;25.0;48;26;26.0;41;28.999999999999996;30.000000000000004;2;X;1;X;X;1;1;X;11404;3267;134;2183152;;2X1XX11X;3277
